date,seoul_covid_confirmed,seoul_covid_death,seoul_covid_released,china_pm2.5,china_pm10,china_stock_index,기온,강수량,풍속,최다풍향,습도,기압,안개시간,y_pm2.5,y_pm10,transport_in,transport_out,transport_inandout,china_covid_confirmed,china_covid_death,kospi_index
2019-01-01,0.0,0.0,0.0,,,,-5.0,0.0,2.1,290.0,49.5,1022.6,0.0,25.0,38.0,3534195.0,3531605.0,7065800.0,0.0,0.0,
2019-01-02,0.0,0.0,0.0,,125.0,2465.29,-4.9,0.0,1.7,270.0,42.8,1023.4,0.0,22.0,34.0,4658330.0,4578983.0,9237313.0,0.0,0.0,2010.0
2019-01-03,0.0,0.0,0.0,182,133.0,2464.36,-3.5,0.0,1.4,290.0,38.8,1024.2,0.0,24.0,39.0,4892831.0,4780205.0,9673036.0,0.0,0.0,1993.7
2019-01-04,0.0,0.0,0.0,198,151.0,2514.87,-1.1,0.0,1.2,20.0,55.5,1019.5,0.0,42.0,60.0,5011360.0,4946281.0,9957641.0,0.0,0.0,2010.25
2019-01-05,0.0,0.0,0.0,224,64.0,,-2.8,0.0,2.2,290.0,40.3,1016.6,0.0,40.0,63.0,4434645.0,4382017.0,8816662.0,0.0,0.0,
2019-01-06,0.0,0.0,0.0,106,91.0,,-2.8,0.0,1.2,290.0,35.0,1017.6,0.0,23.0,49.0,3635917.0,3525408.0,7161325.0,0.0,0.0,
2019-01-07,0.0,0.0,0.0,161,159.0,2533.09,-1.9,0.0,1.4,290.0,46.4,1017.4,0.0,37.0,57.0,4625330.0,4623444.0,9248774.0,0.0,0.0,2037.1
2019-01-08,0.0,0.0,0.0,219,64.0,2526.46,-3.5,0.0,2.6,290.0,31.0,1018.2,0.0,18.0,41.0,4928774.0,4935362.0,9864136.0,0.0,0.0,2025.27
2019-01-09,0.0,0.0,0.0,79,63.0,2544.34,-4.7,0.0,1.3,50.0,28.8,1022.0,0.0,22.0,51.0,4891248.0,4900404.0,9791652.0,0.0,0.0,2064.71
2019-01-10,0.0,0.0,0.0,93,74.0,2535.1,-0.6,0.0,1.3,290.0,48.8,1015.5,0.0,34.0,58.0,4956516.0,4939590.0,9896106.0,0.0,0.0,2063.28
2019-01-11,0.0,0.0,0.0,161,72.0,2553.83,2.4,0.0,1.0,20.0,58.8,1014.2,0.0,57.0,80.0,4998621.0,4948421.0,9947042.0,0.0,0.0,2075.57
2019-01-12,0.0,0.0,0.0,163,109.0,,2.8,0.0,1.3,290.0,47.6,1012.1,0.0,69.0,96.0,4626392.0,4719650.0,9346042.0,0.0,0.0,
2019-01-13,0.0,0.0,0.0,192,159.0,,1.2,0.0,1.4,270.0,54.3,1014.8,0.0,83.0,115.0,3963007.0,3990006.0,7953013.0,0.0,0.0,
2019-01-14,0.0,0.0,0.0,249,197.0,2535.77,1.4,0.0,0.9,290.0,68.6,1014.8,0.0,129.0,166.0,4679268.0,4723701.0,9402969.0,0.0,0.0,2064.52
2019-01-15,0.0,0.0,0.0,282,120.0,2570.34,-1.7,0.0,2.7,290.0,58.8,1013.2,0.0,81.0,134.0,4903337.0,4881753.0,9785090.0,0.0,0.0,2097.18
2019-01-16,0.0,0.0,0.0,96,60.0,2570.42,-5.2,0.0,2.3,270.0,45.9,1015.9,0.0,17.0,46.0,4918155.0,4917832.0,9835987.0,0.0,0.0,2106.1
2019-01-17,0.0,0.0,0.0,63,73.0,2559.64,-0.3,0.0,1.7,290.0,45.8,1013.4,0.0,22.0,43.0,4899779.0,5004766.0,9904545.0,0.0,0.0,2107.06
2019-01-18,0.0,0.0,0.0,118,84.0,2596.01,0.6,0.0,1.3,290.0,44.0,1016.7,0.0,39.0,61.0,5055619.0,5089983.0,10145602.0,0.0,0.0,2124.28
2019-01-19,0.0,0.0,0.0,153,109.0,,3.6,0.0,1.2,50.0,59.8,1011.7,0.0,67.0,96.0,4716724.0,4788854.0,9505578.0,0.0,0.0,
2019-01-20,0.0,0.0,0.0,173,63.0,,-1.4,0.0,3.2,290.0,38.5,1011.7,0.0,33.0,66.0,4202003.0,4143686.0,8345689.0,0.0,0.0,
2019-01-21,0.0,0.0,0.0,97,81.0,2610.51,-1.2,0.0,1.6,270.0,57.8,1010.7,0.0,21.0,45.0,4887288.0,4797405.0,9684693.0,0.0,0.0,2124.61
2019-01-22,0.0,0.0,0.0,146,75.0,2579.7,1.7,0.0,1.7,20.0,62.0,1008.6,0.0,33.0,67.0,5026623.0,4981013.0,10007636.0,0.0,0.0,2117.77
2019-01-23,0.0,0.0,0.0,139,95.0,2581.0,2.0,0.0,2.3,270.0,48.9,1009.6,0.0,44.0,74.0,5018353.0,5014942.0,10033295.0,0.0,0.0,2127.78
2019-01-24,0.0,0.0,0.0,127,100.0,2591.69,0.1,0.0,1.7,270.0,34.9,1013.7,0.0,21.0,41.0,5059459.0,5055743.0,10115202.0,0.0,0.0,2145.03
2019-01-25,0.0,0.0,0.0,147,88.0,2601.72,-1.2,0.0,2.6,290.0,27.6,1013.4,0.0,21.0,51.0,5210494.0,5139608.0,10350102.0,0.0,0.0,2177.73
2019-01-26,0.0,0.0,0.0,138,78.0,,-2.5,0.0,2.4,320.0,30.9,1017.5,0.0,20.0,43.0,4850557.0,4725212.0,9575769.0,0.0,0.0,
2019-01-27,0.0,0.0,0.0,100,72.0,,-0.1,0.0,1.7,230.0,52.5,1015.9,0.0,20.0,36.0,4097191.0,3975254.0,8072445.0,0.0,0.0,
2019-01-28,0.0,0.0,0.0,114,86.0,2596.98,1.2,0.0,3.1,290.0,40.4,1011.6,0.0,24.0,85.0,4848417.0,4854918.0,9703335.0,0.0,0.0,2177.3
2019-01-29,0.0,0.0,0.0,117,93.0,2594.25,-0.2,0.0,1.5,290.0,35.5,1016.9,0.0,23.0,67.0,5063064.0,5000629.0,10063693.0,0.0,0.0,2183.36
2019-01-30,0.0,0.0,0.0,149,100.0,2575.58,1.8,0.0,1.5,290.0,54.6,1014.9,0.0,33.0,63.0,5146134.0,5082544.0,10228678.0,0.0,0.0,2206.2
2019-01-31,0.0,0.0,0.0,157,54.0,2584.57,-2.0,0.0,2.9,290.0,29.0,1010.5,0.0,21.0,72.0,5197400.0,5131630.0,10329030.0,0.0,0.0,2204.85
2019-02-01,0.0,0.0,0.0,64,79.0,2618.23,-2.1,0.3,1.7,270.0,47.6,1013.0,0.0,18.0,39.0,5164348.0,5079417.0,10243765.0,0.0,0.0,2203.46
2019-02-02,0.0,0.0,0.0,146,64.0,,1.4,0.0,1.0,70.0,60.0,1011.2,0.0,36.0,59.0,4443277.0,4440284.0,8883561.0,0.0,0.0,
2019-02-03,0.0,0.0,0.0,133,104.0,,3.3,16.0,1.7,90.0,92.9,1002.2,1.08,30.0,39.0,3571498.0,3646297.0,7217795.0,0.0,0.0,
2019-02-04,0.0,0.0,0.0,167,100.0,,-0.6,0.0,2.1,290.0,40.4,1014.7,0.0,36.0,72.0,3520991.0,3472538.0,6993529.0,0.0,0.0,
2019-02-05,0.0,0.0,0.0,135,98.0,,2.8,0.0,1.0,50.0,37.1,1010.6,0.0,28.0,85.0,4293308.0,4177022.0,8470330.0,0.0,0.0,
2019-02-06,0.0,0.0,0.0,167,135.0,,5.1,0.0,1.3,20.0,54.9,1005.6,0.0,35.0,96.0,3743332.0,3483754.0,7227086.0,0.0,0.0,
2019-02-07,0.0,0.0,0.0,213,49.0,,-2.1,0.5,3.5,290.0,45.5,1011.9,0.0,32.0,61.0,4761774.0,4646607.0,9408381.0,0.0,0.0,2203.42
2019-02-08,0.0,0.0,0.0,81,54.0,,-6.1,0.0,2.3,290.0,31.5,1015.3,0.0,17.0,32.0,5066353.0,4969874.0,10036227.0,0.0,0.0,2177.05
2019-02-09,0.0,0.0,0.0,105,59.0,,-5.4,0.0,2.7,320.0,30.0,1017.4,0.0,17.0,36.0,4694515.0,4630023.0,9324538.0,0.0,0.0,
2019-02-10,0.0,0.0,0.0,118,52.0,,-5.0,0.0,1.7,290.0,31.3,1019.8,0.0,23.0,42.0,3997378.0,3911434.0,7908812.0,0.0,0.0,
2019-02-11,0.0,0.0,0.0,104,69.0,2653.9,-3.0,0.0,2.3,270.0,34.9,1020.7,0.0,23.0,39.0,4892626.0,4845205.0,9737831.0,0.0,0.0,2180.73
2019-02-12,0.0,0.0,0.0,159,80.0,2671.89,-0.6,0.0,1.9,290.0,35.5,1023.0,0.0,38.0,59.0,4252580.0,4235730.0,8488310.0,0.0,0.0,2190.47
2019-02-13,0.0,0.0,0.0,166,82.0,2721.07,-2.1,0.0,2.4,290.0,26.6,1022.0,0.0,20.0,39.0,5085348.0,5010847.0,10096195.0,0.0,0.0,2201.48
2019-02-14,0.0,0.0,0.0,163,67.0,2719.7,-0.5,0.0,1.4,250.0,24.3,1019.9,0.0,27.0,53.0,5089300.0,5074070.0,10163370.0,0.0,0.0,2225.85
2019-02-15,0.0,0.0,0.0,157,75.0,2682.39,-0.8,2.2,1.9,290.0,72.8,1012.9,0.0,28.0,39.0,4694579.0,4678058.0,9372637.0,0.0,0.0,2196.09
2019-02-16,0.0,0.0,0.0,157,36.0,,-2.7,0.2,2.6,320.0,59.0,1013.5,0.0,48.0,59.0,4666714.0,4622901.0,9289615.0,0.0,0.0,
2019-02-17,0.0,0.0,0.0,76,46.0,,-1.8,0.0,1.9,270.0,47.4,1015.5,0.0,25.0,36.0,4091922.0,4041286.0,8133208.0,0.0,0.0,
2019-02-18,0.0,0.0,0.0,81,67.0,2754.36,0.9,0.0,1.3,290.0,43.5,1014.7,0.0,27.0,42.0,4772498.0,4768171.0,9540669.0,0.0,0.0,2210.89
2019-02-19,0.0,0.0,0.0,123,85.0,2755.65,1.4,4.6,1.4,70.0,80.8,1008.7,0.0,34.0,43.0,4345352.0,4283113.0,8628465.0,0.0,0.0,2205.63
2019-02-20,0.0,0.0,0.0,173,108.0,2761.22,1.7,0.0,2.1,270.0,67.8,1014.5,0.0,51.0,62.0,4905050.0,4762754.0,9667804.0,0.0,0.0,2229.76
2019-02-21,0.0,0.0,0.0,194,84.0,2751.8,2.4,0.0,1.5,270.0,59.4,1015.9,0.0,62.0,77.0,4981036.0,4871085.0,9852121.0,0.0,0.0,2228.66
2019-02-22,0.0,0.0,0.0,164,106.0,2804.23,4.0,0.0,1.5,200.0,56.1,1011.3,0.0,55.0,73.0,5114451.0,5013776.0,10128227.0,0.0,0.0,2230.5
2019-02-23,0.0,0.0,0.0,175,106.0,,6.8,0.0,1.1,20.0,41.0,1012.8,0.0,39.0,56.0,4844039.0,4796905.0,9640944.0,0.0,0.0,
2019-02-24,0.0,0.0,0.0,179,102.0,,6.3,0.0,1.8,290.0,45.0,1012.1,0.0,51.0,65.0,4219391.0,4135980.0,8355371.0,0.0,0.0,
2019-02-25,0.0,0.0,0.0,171,148.0,2961.28,4.7,0.0,2.3,290.0,55.8,1011.1,0.0,59.0,82.0,4844670.0,4767977.0,9612647.0,0.0,0.0,2232.56
2019-02-26,0.0,0.0,0.0,200,151.0,2941.52,5.2,0.0,1.6,270.0,32.8,1013.4,0.0,28.0,53.0,4937462.0,4770373.0,9707835.0,0.0,0.0,2226.6
2019-02-27,0.0,0.0,0.0,208,80.0,2953.82,7.8,0.0,1.6,290.0,31.3,1010.7,0.0,45.0,71.0,4985309.0,4804799.0,9790108.0,0.0,0.0,2234.79
2019-02-28,0.0,0.0,0.0,155,89.0,2940.95,6.6,0.0,2.0,290.0,39.5,1008.4,0.0,60.0,90.0,5069653.0,4957448.0,10027101.0,0.0,0.0,2195.44
2019-03-01,0.0,0.0,0.0,162,118.0,2994.01,6.6,0.0,2.1,290.0,42.3,1011.2,0.0,84.0,120.0,4212349.0,4380927.0,8593276.0,0.0,0.0,
2019-03-02,0.0,0.0,0.0,180,134.0,,7.8,0.0,1.1,290.0,37.6,1008.7,0.0,85.0,121.0,4193080.0,4278856.0,8471936.0,0.0,0.0,
2019-03-03,0.0,0.0,0.0,186,101.0,,9.4,0.0,1.5,20.0,36.4,1002.5,0.0,77.0,110.0,3748023.0,3798343.0,7546366.0,0.0,0.0,
2019-03-04,0.0,0.0,0.0,171,76.0,3027.58,9.9,0.0,1.9,270.0,46.1,1003.2,0.0,117.0,169.0,4504985.0,4629362.0,9134347.0,0.0,0.0,2190.66
2019-03-05,0.0,0.0,0.0,155,85.0,3054.25,8.4,0.0,2.0,250.0,66.3,1009.6,0.0,135.0,186.0,4633138.0,4815046.0,9448184.0,0.0,0.0,2179.23
2019-03-06,0.0,0.0,0.0,163,83.0,3102.1,8.4,0.0,2.0,290.0,55.0,1005.6,0.0,101.0,141.0,4768487.0,4848723.0,9617210.0,0.0,0.0,2175.6
2019-03-07,0.0,0.0,0.0,82,81.0,3106.42,7.0,0.0,2.2,270.0,51.1,1009.1,0.0,39.0,57.0,4920035.0,5045541.0,9965576.0,0.0,0.0,2165.79
2019-03-08,0.0,0.0,0.0,110,77.0,2969.86,6.1,0.0,1.9,290.0,39.4,1014.3,0.0,26.0,47.0,5057383.0,5157474.0,10214857.0,0.0,0.0,2137.44
2019-03-09,0.0,0.0,0.0,113,70.0,,7.2,0.0,1.3,290.0,31.8,1011.2,0.0,29.0,45.0,4795748.0,4901087.0,9696835.0,0.0,0.0,
2019-03-10,0.0,0.0,0.0,161,113.0,,10.1,0.0,1.2,50.0,26.4,1003.2,0.0,34.0,52.0,4048583.0,4119538.0,8168121.0,0.0,0.0,
2019-03-11,0.0,0.0,0.0,117,74.0,3026.99,6.6,0.0,1.8,230.0,61.0,998.7,0.0,46.0,71.0,4758880.0,4889528.0,9648408.0,0.0,0.0,2138.1
2019-03-12,0.0,0.0,0.0,46,47.0,3060.31,3.9,0.0,2.7,270.0,55.1,1000.8,0.0,49.0,83.0,4867053.0,4997226.0,9864279.0,0.0,0.0,2157.18
2019-03-13,0.0,0.0,0.0,59,53.0,3026.95,3.5,0.0,3.3,270.0,38.5,1009.3,0.0,11.0,42.0,4928143.0,5073795.0,10001938.0,0.0,0.0,2148.41
2019-03-14,0.0,0.0,0.0,95,68.0,2990.68,5.0,0.0,1.9,200.0,45.3,1011.9,0.0,20.0,42.0,4982878.0,5108286.0,10091164.0,0.0,0.0,2155.68
2019-03-15,0.0,0.0,0.0,95,74.0,3021.75,5.5,3.5,1.6,270.0,72.8,1006.8,0.0,32.0,56.0,4979498.0,5050310.0,10029808.0,0.0,0.0,2176.11
2019-03-16,0.0,0.0,0.0,82,67.0,,4.3,0.0,1.8,290.0,69.9,1009.9,0.0,28.0,41.0,4694322.0,4809542.0,9503864.0,0.0,0.0,
2019-03-17,0.0,0.0,0.0,94,88.0,,6.3,0.0,2.0,290.0,55.4,1012.6,0.0,23.0,37.0,4066802.0,4104481.0,8171283.0,0.0,0.0,
2019-03-18,0.0,0.0,0.0,106,79.0,3096.42,7.1,0.0,1.4,270.0,43.8,1009.4,0.0,23.0,39.0,4767106.0,4873906.0,9641012.0,0.0,0.0,2179.49
2019-03-19,0.0,0.0,0.0,131,62.0,3090.97,10.0,0.0,1.4,20.0,52.0,1006.5,0.0,42.0,67.0,4826575.0,5014712.0,9841287.0,0.0,0.0,2177.62
2019-03-20,0.0,0.0,0.0,111,69.0,3090.64,10.3,16.5,1.4,90.0,79.0,999.8,0.0,68.0,94.0,4756747.0,4923137.0,9679884.0,0.0,0.0,2177.1
2019-03-21,0.0,0.0,0.0,140,57.0,3101.45,7.1,3.3,2.9,270.0,77.4,998.1,1.4,26.0,34.0,4860465.0,4955758.0,9816223.0,0.0,0.0,2184.88
2019-03-22,0.0,0.0,0.0,73,53.0,3104.15,3.3,0.0,2.8,290.0,40.9,1009.4,0.0,19.0,36.0,5099500.0,5079379.0,10178879.0,0.0,0.0,2186.95
2019-03-23,0.0,0.0,0.0,64,47.0,,3.3,1.7,2.4,320.0,46.9,1010.4,0.0,15.0,24.0,4723516.0,4806588.0,9530104.0,0.0,0.0,
2019-03-24,0.0,0.0,0.0,66,79.0,,4.3,0.0,2.3,230.0,45.4,1010.6,0.0,13.0,27.0,4172386.0,4173306.0,8345692.0,0.0,0.0,
2019-03-25,0.0,0.0,0.0,119,73.0,3043.03,7.3,0.0,2.0,230.0,56.1,1006.6,0.0,28.0,47.0,4820358.0,4814607.0,9634965.0,0.0,0.0,2144.86
2019-03-26,0.0,0.0,0.0,124,79.0,2997.1,11.4,0.0,2.0,270.0,51.1,1006.8,0.0,34.0,58.0,4844628.0,4967291.0,9811919.0,0.0,0.0,2148.8
2019-03-27,0.0,0.0,0.0,122,85.0,3022.72,11.6,0.0,3.0,200.0,66.4,1002.2,0.0,60.0,94.0,4758036.0,5008688.0,9766724.0,0.0,0.0,2145.62
2019-03-28,0.0,0.0,0.0,117,91.0,2994.94,9.4,0.0,2.6,270.0,49.9,1003.4,0.0,49.0,81.0,4909616.0,5044314.0,9953930.0,0.0,0.0,2128.1
2019-03-29,0.0,0.0,0.0,110,94.0,3090.76,9.2,0.0,2.1,320.0,33.1,1003.5,0.0,19.0,39.0,4699007.0,4690327.0,9389334.0,0.0,0.0,2140.67
2019-03-30,0.0,0.0,0.0,139,69.0,,5.2,1.8,2.9,270.0,72.0,1002.1,0.0,24.0,35.0,4698149.0,4791609.0,9489758.0,0.0,0.0,
2019-03-31,0.0,0.0,0.0,59,67.0,,4.4,0.0,3.2,290.0,46.0,1008.7,0.0,26.0,42.0,4097830.0,4117859.0,8215689.0,0.0,0.0,
2019-04-01,0.0,0.0,0.0,71,81.0,3170.36,5.5,0.0,2.5,270.0,39.8,1011.8,0.0,12.0,24.0,4904655.0,4846892.0,9751547.0,0.0,0.0,2168.28
2019-04-02,0.0,0.0,0.0,128,71.0,3176.82,6.7,0.0,2.2,290.0,36.9,1012.2,0.0,17.0,32.0,5001835.0,4850247.0,9852082.0,0.0,0.0,2177.18
2019-04-03,0.0,0.0,0.0,122,73.0,3216.3,7.6,0.0,2.3,290.0,36.1,1012.7,0.0,22.0,38.0,5028879.0,4853059.0,9881938.0,0.0,0.0,2203.27
2019-04-04,0.0,0.0,0.0,127,86.0,3246.57,9.2,0.0,2.5,270.0,43.0,1007.2,0.0,20.0,35.0,5015722.0,4895936.0,9911658.0,0.0,0.0,2206.53
2019-04-05,0.0,0.0,0.0,153,94.0,,11.4,0.0,2.9,230.0,41.0,999.4,0.0,24.0,78.0,5093415.0,5045107.0,10138522.0,0.0,0.0,2209.61
2019-04-06,0.0,0.0,0.0,161,104.0,,9.3,0.8,1.1,50.0,39.9,1001.7,0.0,19.0,59.0,4837735.0,4752105.0,9589840.0,0.0,0.0,
2019-04-07,0.0,0.0,0.0,143,121.0,,12.6,0.0,1.7,290.0,43.1,1000.2,0.0,16.0,37.0,4322022.0,4176042.0,8498064.0,0.0,0.0,
2019-04-08,0.0,0.0,0.0,162,131.0,3244.81,11.6,0.0,2.5,290.0,25.6,1004.7,0.0,12.0,37.0,4996704.0,4858023.0,9854727.0,0.0,0.0,2210.6
2019-04-09,0.0,0.0,0.0,166,31.0,3239.66,9.2,17.4,2.4,70.0,49.1,1005.6,0.0,10.0,25.0,5070587.0,5033140.0,10103727.0,0.0,0.0,2213.56
2019-04-10,0.0,0.0,0.0,69,49.0,3241.93,7.1,5.6,1.8,90.0,78.4,1002.4,0.0,5.0,7.0,5052959.0,4977677.0,10030636.0,0.0,0.0,2224.39
2019-04-11,0.0,0.0,0.0,102,82.0,3189.96,9.5,0.0,1.9,290.0,58.0,1004.8,0.0,17.0,28.0,5154440.0,5111853.0,10266293.0,0.0,0.0,2224.44
2019-04-12,0.0,0.0,0.0,159,67.0,3188.63,11.4,0.0,2.2,290.0,48.5,1007.7,0.0,31.0,51.0,5273308.0,5209872.0,10483180.0,0.0,0.0,2233.45
2019-04-13,0.0,0.0,0.0,140,72.0,,11.8,0.0,1.8,270.0,34.0,1009.2,0.0,30.0,46.0,5057666.0,4999381.0,10057047.0,0.0,0.0,
2019-04-14,0.0,0.0,0.0,156,61.0,,9.6,1.7,2.2,270.0,45.5,1004.8,0.0,21.0,39.0,4202945.0,4093368.0,8296313.0,0.0,0.0,
2019-04-15,0.0,0.0,0.0,90,56.0,3177.79,11.6,0.0,1.8,270.0,30.9,1008.3,0.0,17.0,52.0,5057065.0,5018209.0,10075274.0,0.0,0.0,2242.88
2019-04-16,0.0,0.0,0.0,71,66.0,3253.6,14.9,0.0,1.6,290.0,26.3,1006.8,0.0,22.0,47.0,5181188.0,5125023.0,10306211.0,0.0,0.0,2248.63
2019-04-17,0.0,0.0,0.0,113,75.0,3263.12,15.3,0.0,1.9,270.0,37.5,1002.4,0.0,20.0,40.0,5185665.0,5163000.0,10348665.0,0.0,0.0,2245.89
2019-04-18,0.0,0.0,0.0,100,106.0,3250.2,12.6,0.0,2.0,270.0,74.4,1001.8,0.0,24.0,41.0,5203261.0,5073284.0,10276545.0,0.0,0.0,2213.77
2019-04-19,0.0,0.0,0.0,96,77.0,3270.8,13.8,0.0,1.6,70.0,57.5,1005.9,0.0,22.0,44.0,5305274.0,5220396.0,10525670.0,0.0,0.0,2216.15
2019-04-20,0.0,0.0,0.0,93,86.0,,14.3,1.2,1.9,290.0,66.9,1004.7,0.0,25.0,47.0,4973547.0,4929012.0,9902559.0,0.0,0.0,
2019-04-21,0.0,0.0,0.0,136,102.0,,14.8,0.3,1.9,290.0,77.8,1003.4,0.0,25.0,33.0,4345010.0,4212064.0,8557074.0,0.0,0.0,
2019-04-22,0.0,0.0,0.0,163,77.0,3215.04,19.3,0.0,1.4,270.0,50.6,1004.7,0.0,41.0,97.0,4956816.0,4925808.0,9882624.0,0.0,0.0,2216.65
2019-04-23,0.0,0.0,0.0,142,34.0,3198.59,20.4,0.0,1.3,270.0,52.0,1002.2,0.0,44.0,91.0,5052925.0,5005288.0,10058213.0,0.0,0.0,2220.51
2019-04-24,0.0,0.0,0.0,66,62.0,3201.61,19.5,4.1,1.6,290.0,70.4,996.3,0.0,40.0,57.0,5040299.0,4998478.0,10038777.0,0.0,0.0,2201.03
2019-04-25,0.0,0.0,0.0,112,47.0,3123.83,13.2,11.3,2.0,70.0,75.9,996.9,0.0,18.0,38.0,5038324.0,4947835.0,9986159.0,0.0,0.0,2190.5
2019-04-26,0.0,0.0,0.0,71,39.0,3086.4,8.4,4.9,1.5,20.0,82.1,1003.1,0.0,6.0,9.0,5086914.0,4989030.0,10075944.0,0.0,0.0,2179.31
2019-04-27,0.0,0.0,0.0,71,44.0,,11.6,0.0,1.7,290.0,52.6,1010.9,0.0,10.0,17.0,4923201.0,4805098.0,9728299.0,0.0,0.0,
2019-04-28,0.0,0.0,0.0,79,51.0,,12.9,0.0,1.6,290.0,48.8,1010.2,0.0,13.0,18.0,4281746.0,4082117.0,8363863.0,0.0,0.0,
2019-04-29,0.0,0.0,0.0,111,77.0,3062.5,13.0,0.0,0.9,50.0,52.9,1004.0,0.0,16.0,25.0,4999961.0,4794438.0,9794399.0,0.0,0.0,2216.43
2019-04-30,0.0,0.0,0.0,156,86.0,3078.34,15.5,0.0,1.6,270.0,52.8,998.7,0.0,21.0,34.0,5148166.0,5020451.0,10168617.0,0.0,0.0,2203.59
2019-05-01,0.0,0.0,0.0,136,50.0,,16.4,0.0,2.3,270.0,48.9,996.4,0.0,27.0,62.0,4610560.0,4528620.0,9139180.0,0.0,0.0,
2019-05-02,0.0,0.0,0.0,69,63.0,,17.1,0.0,2.3,290.0,28.5,1001.6,0.0,15.0,53.0,5073540.0,4992050.0,10065590.0,0.0,0.0,2212.75
2019-05-03,0.0,0.0,0.0,73,61.0,,17.9,0.0,1.6,290.0,37.5,1006.4,0.0,32.0,63.0,5196438.0,5134940.0,10331378.0,0.0,0.0,2196.32
2019-05-04,0.0,0.0,0.0,103,50.0,,19.5,0.0,1.7,290.0,40.4,1007.8,0.0,58.0,91.0,4856515.0,4881247.0,9737762.0,0.0,0.0,
2019-05-05,0.0,0.0,0.0,100,88.0,,19.2,0.0,2.2,270.0,35.8,1005.8,0.0,41.0,67.0,4282931.0,4237178.0,8520109.0,0.0,0.0,
2019-05-06,0.0,0.0,0.0,117,64.0,2906.46,14.5,0.0,3.1,290.0,27.1,1006.4,0.0,10.0,34.0,4371546.0,4258709.0,8630255.0,0.0,0.0,
2019-05-07,0.0,0.0,0.0,117,73.0,2926.39,15.0,0.0,2.3,250.0,33.4,1005.7,0.0,18.0,47.0,4926482.0,4930259.0,9856741.0,0.0,0.0,2176.99
2019-05-08,0.0,0.0,0.0,77,64.0,2893.76,15.6,0.0,2.3,200.0,48.3,1002.1,0.0,24.0,54.0,5079038.0,5123816.0,10202854.0,0.0,0.0,2168.01
2019-05-09,0.0,0.0,0.0,83,61.0,2850.95,16.6,0.0,2.2,270.0,43.3,1000.8,0.0,24.0,47.0,5068810.0,5062478.0,10131288.0,0.0,0.0,2102.01
2019-05-10,0.0,0.0,0.0,89,63.0,2939.21,17.8,0.0,1.9,270.0,48.0,1003.1,0.0,35.0,61.0,5209749.0,5240951.0,10450700.0,0.0,0.0,2108.04
2019-05-11,0.0,0.0,0.0,106,55.0,,20.3,0.0,1.8,290.0,39.0,1003.7,0.0,37.0,66.0,4932329.0,5006002.0,9938331.0,0.0,0.0,
2019-05-12,0.0,0.0,0.0,98,61.0,,21.6,0.0,1.5,270.0,36.0,1004.8,0.0,37.0,56.0,4328115.0,4310091.0,8638206.0,0.0,0.0,
2019-05-13,0.0,0.0,0.0,92,168.0,2903.71,18.7,0.0,1.6,290.0,43.4,1004.4,0.0,36.0,55.0,4895219.0,4979552.0,9874771.0,0.0,0.0,2079.01
2019-05-14,0.0,0.0,0.0,155,141.0,2883.61,19.6,0.0,1.6,270.0,44.5,1003.0,0.0,33.0,44.0,5029562.0,5120928.0,10150490.0,0.0,0.0,2081.84
2019-05-15,0.0,0.0,0.0,155,66.0,2938.68,20.7,0.0,1.7,290.0,48.1,1002.9,0.0,45.0,68.0,4901087.0,5065380.0,9966467.0,0.0,0.0,2092.78
2019-05-16,0.0,0.0,0.0,117,56.0,2955.71,23.5,0.0,1.5,270.0,43.8,1001.9,0.0,44.0,67.0,4999625.0,5103284.0,10102909.0,0.0,0.0,2067.69
2019-05-17,0.0,0.0,0.0,105,43.0,2882.3,23.6,0.0,1.2,70.0,44.9,1002.2,0.0,39.0,55.0,5067840.0,5164975.0,10232815.0,0.0,0.0,2055.8
2019-05-18,0.0,0.0,0.0,73,37.0,,22.8,0.0,2.1,110.0,46.8,1001.8,0.0,17.0,29.0,4821311.0,4913039.0,9734350.0,0.0,0.0,
2019-05-19,0.0,0.0,0.0,57,71.0,,19.4,22.0,1.2,70.0,93.0,998.8,0.0,11.0,15.0,3952663.0,4028723.0,7981386.0,0.0,0.0,
2019-05-20,0.0,0.0,0.0,79,58.0,2870.6,16.4,8.7,3.4,270.0,63.6,994.9,0.0,13.0,38.0,4640780.0,4853546.0,9494326.0,0.0,0.0,2055.71
2019-05-21,0.0,0.0,0.0,46,58.0,2905.97,17.2,0.0,2.9,200.0,52.0,995.2,0.0,20.0,53.0,4967570.0,4960879.0,9928449.0,0.0,0.0,2061.25
2019-05-22,0.0,0.0,0.0,64,56.0,2891.7,19.5,0.0,2.4,230.0,46.0,995.3,0.0,28.0,56.0,4927923.0,5025080.0,9953003.0,0.0,0.0,2064.86
2019-05-23,0.0,0.0,0.0,67,61.0,2852.52,22.1,0.0,1.7,270.0,45.0,998.4,0.0,42.0,72.0,5036411.0,5138521.0,10174932.0,0.0,0.0,2059.59
2019-05-24,0.0,0.0,0.0,69,54.0,2852.99,24.2,0.0,1.7,290.0,46.4,1000.8,0.0,54.0,86.0,5202527.0,5197886.0,10400413.0,0.0,0.0,2045.31
2019-05-25,0.0,0.0,0.0,74,58.0,,23.4,0.0,1.6,200.0,45.6,1005.0,0.0,53.0,79.0,4934902.0,4960512.0,9895414.0,0.0,0.0,
2019-05-26,0.0,0.0,0.0,96,43.0,,24.5,0.0,1.8,270.0,39.0,1003.7,0.0,24.0,39.0,4339322.0,4252941.0,8592263.0,0.0,0.0,
2019-05-27,0.0,0.0,0.0,93,28.0,2892.38,17.8,7.1,2.4,140.0,80.9,994.5,0.0,14.0,23.0,4389907.0,4485197.0,8875104.0,0.0,0.0,2044.21
2019-05-28,0.0,0.0,0.0,38,42.0,2909.91,18.1,0.0,2.6,270.0,45.9,1000.7,0.0,8.0,22.0,5039992.0,5092833.0,10132825.0,0.0,0.0,2048.83
2019-05-29,0.0,0.0,0.0,42,42.0,2914.7,20.3,0.0,2.0,290.0,48.4,999.7,0.0,23.0,48.0,5044217.0,5109402.0,10153619.0,0.0,0.0,2023.32
2019-05-30,0.0,0.0,0.0,46,40.0,2905.81,19.6,0.0,2.4,200.0,48.0,1000.7,0.0,25.0,45.0,5046057.0,5106838.0,10152895.0,0.0,0.0,2038.8
2019-05-31,0.0,0.0,0.0,57,55.0,2898.7,19.1,0.0,2.8,290.0,49.6,1000.3,0.0,11.0,20.0,5123081.0,5172001.0,10295082.0,0.0,0.0,2041.74
2019-06-01,0.0,0.0,0.0,66,58.0,,18.9,0.0,1.9,270.0,60.5,1000.1,0.0,25.0,34.0,4771635.0,4886031.0,9657666.0,0.0,0.0,
2019-06-02,0.0,0.0,0.0,74,51.0,,21.1,0.0,1.7,290.0,42.1,997.6,0.0,23.0,36.0,4147043.0,4150449.0,8297492.0,0.0,0.0,
2019-06-03,0.0,0.0,0.0,78,71.0,2890.08,23.1,0.0,1.8,160.0,42.9,997.9,0.0,22.0,38.0,4769800.0,4797281.0,9567081.0,0.0,0.0,2067.85
2019-06-04,0.0,0.0,0.0,105,85.0,2862.28,22.6,0.0,2.2,290.0,56.4,999.3,0.0,20.0,29.0,4991836.0,5033801.0,10025637.0,0.0,0.0,2066.97
2019-06-05,0.0,0.0,0.0,104,73.0,2861.42,23.0,0.0,1.8,270.0,63.8,1001.8,0.0,38.0,54.0,5140755.0,5192693.0,10333448.0,0.0,0.0,2069.11
2019-06-06,0.0,0.0,0.0,117,42.0,2827.8,21.2,7.5,1.2,90.0,75.9,999.9,0.0,42.0,59.0,4363960.0,4445568.0,8809528.0,0.0,0.0,
2019-06-07,0.0,0.0,0.0,82,37.0,,20.0,35.3,1.9,50.0,77.3,993.5,0.0,9.0,13.0,4565044.0,4645770.0,9210814.0,0.0,0.0,2072.33
2019-06-08,0.0,0.0,0.0,57,55.0,,21.9,0.0,1.4,50.0,57.5,997.9,0.0,16.0,25.0,4783005.0,4729066.0,9512071.0,0.0,0.0,
2019-06-09,0.0,0.0,0.0,88,51.0,,21.6,2.5,1.8,290.0,66.1,995.5,0.0,29.0,37.0,4073208.0,4018906.0,8092114.0,0.0,0.0,
2019-06-10,0.0,0.0,0.0,63,45.0,2852.13,18.4,9.5,1.6,70.0,70.3,997.3,0.0,6.0,10.0,4652547.0,4783774.0,9436321.0,0.0,0.0,2099.49
2019-06-11,0.0,0.0,0.0,56,60.0,2925.72,20.5,0.0,1.4,50.0,51.1,998.8,0.0,7.0,13.0,4945329.0,5099971.0,10045300.0,0.0,0.0,2111.81
2019-06-12,0.0,0.0,0.0,76,64.0,2909.38,21.5,0.0,1.8,290.0,57.1,1000.3,0.0,18.0,30.0,4842980.0,5064620.0,9907600.0,0.0,0.0,2108.75
2019-06-13,0.0,0.0,0.0,78,46.0,2910.74,23.0,0.0,1.7,290.0,51.9,999.7,0.0,20.0,30.0,4914943.0,5132678.0,10047621.0,0.0,0.0,2103.15
2019-06-14,0.0,0.0,0.0,90,59.0,2881.97,23.0,0.0,1.8,290.0,54.8,995.3,0.0,23.0,34.0,5207194.0,5149862.0,10357056.0,0.0,0.0,2095.41
2019-06-15,0.0,0.0,0.0,95,77.0,,21.9,2.1,2.4,290.0,61.5,990.5,0.0,20.0,34.0,4817799.0,4873750.0,9691549.0,0.0,0.0,
2019-06-16,0.0,0.0,0.0,119,67.0,,22.0,0.0,1.6,50.0,55.4,996.7,0.0,11.0,16.0,4093745.0,4103961.0,8197706.0,0.0,0.0,
2019-06-17,0.0,0.0,0.0,98,71.0,2887.62,21.7,0.0,2.3,290.0,59.1,1001.8,0.0,15.0,24.0,4773707.0,4859354.0,9633061.0,0.0,0.0,2090.73
2019-06-18,0.0,0.0,0.0,108,55.0,2890.16,20.8,13.8,1.5,250.0,78.6,1000.3,0.0,23.0,31.0,4799536.0,4890183.0,9689719.0,0.0,0.0,2098.71
2019-06-19,0.0,0.0,0.0,97,53.0,2917.8,21.4,0.2,1.9,270.0,77.8,997.8,0.0,25.0,32.0,4831869.0,4780470.0,9612339.0,0.0,0.0,2124.78
2019-06-20,0.0,0.0,0.0,97,54.0,2987.12,22.7,0.0,1.9,270.0,70.6,997.1,0.0,20.0,27.0,5097994.0,5036766.0,10134760.0,0.0,0.0,2131.29
2019-06-21,0.0,0.0,0.0,113,66.0,3001.98,22.1,0.2,1.7,290.0,72.9,996.1,0.0,19.0,27.0,4942598.0,4933144.0,9875742.0,0.0,0.0,2125.62
2019-06-22,0.0,0.0,0.0,141,53.0,,24.2,0.0,1.5,70.0,42.3,996.5,0.0,7.0,12.0,4899823.0,4812832.0,9712655.0,0.0,0.0,
2019-06-23,0.0,0.0,0.0,77,60.0,,25.0,0.0,1.8,50.0,40.4,998.2,0.0,8.0,12.0,4257329.0,4135187.0,8392516.0,0.0,0.0,
2019-06-24,0.0,0.0,0.0,75,56.0,3008.15,25.2,0.0,2.0,270.0,46.9,1001.9,0.0,13.0,21.0,4944382.0,4813189.0,9757571.0,0.0,0.0,2126.33
2019-06-25,0.0,0.0,0.0,82,51.0,2982.07,25.6,0.0,1.6,290.0,49.1,1004.2,0.0,21.0,31.0,4958961.0,4810717.0,9769678.0,0.0,0.0,2121.64
2019-06-26,0.0,0.0,0.0,84,52.0,2976.28,25.5,0.0,1.3,50.0,52.6,998.4,0.0,22.0,33.0,5042837.0,4790775.0,9833612.0,0.0,0.0,2121.85
2019-06-27,0.0,0.0,0.0,83,61.0,2996.79,25.5,1.4,1.4,50.0,70.5,990.9,0.0,16.0,22.0,5049677.0,4759343.0,9809020.0,0.0,0.0,2134.32
2019-06-28,0.0,0.0,0.0,102,53.0,2978.88,24.7,0.0,1.7,290.0,67.3,991.9,0.0,31.0,39.0,5123473.0,4935793.0,10059266.0,0.0,0.0,2130.62
2019-06-29,0.0,0.0,0.0,99,58.0,,23.1,1.5,1.2,50.0,72.0,988.3,0.0,20.0,25.0,4809084.0,4609133.0,9418217.0,0.0,0.0,
2019-06-30,0.0,0.0,0.0,117,54.0,,23.9,0.0,2.3,200.0,73.5,990.7,0.0,26.0,33.0,4196553.0,4061590.0,8258143.0,0.0,0.0,
2019-07-01,0.0,0.0,0.0,81,41.0,3044.9,23.9,0.0,2.3,270.0,64.4,995.4,0.0,26.0,34.0,4745128.0,4688755.0,9433883.0,0.0,0.0,2129.74
2019-07-02,0.0,0.0,0.0,49,58.0,3043.94,24.4,0.0,2.3,270.0,63.5,998.8,0.0,22.0,30.0,4922304.0,4800723.0,9723027.0,0.0,0.0,2122.02
2019-07-03,0.0,0.0,0.0,77,48.0,3015.26,24.1,0.0,1.7,290.0,64.6,998.1,0.0,24.0,33.0,4907435.0,4723351.0,9630786.0,0.0,0.0,2096.02
2019-07-04,0.0,0.0,0.0,84,53.0,3005.25,25.4,0.0,1.9,290.0,59.6,996.5,0.0,21.0,30.0,5054562.0,4817219.0,9871781.0,0.0,0.0,2108.73
2019-07-05,0.0,0.0,0.0,89,45.0,3011.06,27.6,0.0,1.5,20.0,42.1,993.2,0.0,21.0,33.0,5207364.0,4947881.0,10155245.0,0.0,0.0,2110.59
2019-07-06,0.0,0.0,0.0,78,33.0,,29.7,0.0,1.7,90.0,40.9,994.1,0.0,21.0,29.0,4864503.0,4650230.0,9514733.0,0.0,0.0,
2019-07-07,0.0,0.0,0.0,60,45.0,,26.7,0.0,2.2,90.0,43.3,997.5,0.0,11.0,17.0,4250978.0,3963893.0,8214871.0,0.0,0.0,
2019-07-08,0.0,0.0,0.0,101,49.0,2933.36,25.1,0.0,2.0,70.0,46.6,997.9,0.0,5.0,10.0,4924858.0,4660270.0,9585128.0,0.0,0.0,2064.17
2019-07-09,0.0,0.0,0.0,105,56.0,2928.23,25.0,0.0,1.8,90.0,46.4,996.7,0.0,6.0,10.0,5040402.0,4766504.0,9806906.0,0.0,0.0,2052.03
2019-07-10,0.0,0.0,0.0,117,58.0,2915.3,22.7,8.5,2.0,70.0,64.1,997.3,0.0,6.0,9.0,5013648.0,4801942.0,9815590.0,0.0,0.0,2058.78
2019-07-11,0.0,0.0,0.0,131,57.0,2917.76,21.9,2.9,1.3,50.0,76.9,995.2,0.0,3.0,7.0,4836787.0,4750111.0,9586898.0,0.0,0.0,2080.58
2019-07-12,0.0,0.0,0.0,122,57.0,2930.55,23.6,0.0,2.0,290.0,65.5,996.3,0.0,9.0,14.0,5241526.0,5091370.0,10332896.0,0.0,0.0,2086.66
2019-07-13,0.0,0.0,0.0,114,40.0,,24.9,0.0,1.7,290.0,67.3,992.0,0.0,25.0,31.0,4740923.0,4644348.0,9385271.0,0.0,0.0,
2019-07-14,0.0,0.0,0.0,93,59.0,,25.9,0.0,1.6,290.0,64.6,992.6,0.0,37.0,43.0,4209794.0,4010760.0,8220554.0,0.0,0.0,
2019-07-15,0.0,0.0,0.0,112,62.0,2942.19,23.8,7.7,1.1,50.0,80.0,997.2,0.0,32.0,40.0,4737009.0,4465074.0,9202083.0,0.0,0.0,2082.48
2019-07-16,0.0,0.0,0.0,123,64.0,2937.62,24.7,6.3,1.3,50.0,79.0,1000.7,0.0,25.0,33.0,4962724.0,4806602.0,9769326.0,0.0,0.0,2091.87
2019-07-17,0.0,0.0,0.0,123,71.0,2931.69,25.6,0.7,1.2,270.0,73.9,1001.2,0.0,48.0,61.0,5062016.0,4947414.0,10009430.0,0.0,0.0,2072.92
2019-07-18,0.0,0.0,0.0,156,56.0,2901.18,26.9,0.0,1.2,290.0,65.0,998.7,0.0,53.0,66.0,5042734.0,4891818.0,9934552.0,0.0,0.0,2066.55
2019-07-19,0.0,0.0,0.0,111,47.0,2924.2,28.6,0.0,1.5,90.0,61.3,996.4,0.0,26.0,34.0,5205281.0,5065178.0,10270459.0,0.0,0.0,2094.36
2019-07-20,0.0,0.0,0.0,65,36.0,,28.0,1.1,2.1,90.0,66.9,990.8,0.0,4.0,8.0,4799283.0,4731679.0,9530962.0,0.0,0.0,
2019-07-21,0.0,0.0,0.0,82,44.0,,25.1,6.2,2.2,230.0,87.1,991.8,0.0,9.0,14.0,4111337.0,4027380.0,8138717.0,0.0,0.0,
2019-07-22,0.0,0.0,0.0,86,58.0,2886.97,26.7,0.1,2.2,200.0,74.6,996.3,0.0,33.0,43.0,4914380.0,4781593.0,9695973.0,0.0,0.0,2093.34
2019-07-23,0.0,0.0,0.0,123,42.0,2899.94,28.1,0.0,1.7,230.0,70.8,995.3,0.0,17.0,26.0,4992986.0,4929912.0,9922898.0,0.0,0.0,2101.45
2019-07-24,0.0,0.0,0.0,101,41.0,2923.28,26.5,1.0,1.6,200.0,82.3,994.5,0.0,15.0,23.0,4724025.0,4937626.0,9661651.0,0.0,0.0,2082.3
2019-07-25,0.0,0.0,0.0,85,44.0,2937.36,26.3,9.7,1.2,200.0,90.1,994.6,0.0,18.0,26.0,4571426.0,4701666.0,9273092.0,0.0,0.0,2074.48
2019-07-26,0.0,0.0,0.0,90,49.0,2944.54,25.1,60.0,1.7,200.0,95.3,993.9,0.0,14.0,19.0,4600796.0,4344762.0,8945558.0,0.0,0.0,2066.26
2019-07-27,0.0,0.0,0.0,98,48.0,,28.4,0.6,1.3,140.0,76.6,995.7,0.0,13.0,18.0,4551187.0,4664465.0,9215652.0,0.0,0.0,
2019-07-28,0.0,0.0,0.0,106,15.0,,26.1,25.6,2.2,200.0,88.3,998.2,0.0,9.0,14.0,3900098.0,3732632.0,7632730.0,0.0,0.0,
2019-07-29,0.0,0.0,0.0,42,32.0,2941.01,27.5,0.5,2.6,200.0,74.5,999.2,0.0,8.0,14.0,4641811.0,4667313.0,9309124.0,0.0,0.0,2029.48
2019-07-30,0.0,0.0,0.0,74,18.0,2952.34,28.1,1.2,3.4,200.0,75.3,997.1,0.0,10.0,17.0,4567647.0,4821832.0,9389479.0,0.0,0.0,2038.68
2019-07-31,0.0,0.0,0.0,50,22.0,2932.51,25.8,62.3,2.2,200.0,91.1,999.3,0.0,10.0,17.0,4661286.0,4555398.0,9216684.0,0.0,0.0,2024.55
2019-08-01,0.0,0.0,0.0,60,28.0,2908.77,26.3,26.9,1.7,270.0,86.4,1002.0,0.0,8.0,13.0,4862321.0,4750027.0,9612348.0,0.0,0.0,2017.34
2019-08-02,0.0,0.0,0.0,60,22.0,2867.84,28.4,0.0,1.2,270.0,74.6,1001.8,0.0,11.0,18.0,4959092.0,4924334.0,9883426.0,0.0,0.0,1998.13
2019-08-03,0.0,0.0,0.0,58,45.0,,29.4,3.0,1.3,50.0,69.0,1001.0,0.0,13.0,20.0,4552996.0,4443934.0,8996930.0,0.0,0.0,
2019-08-04,0.0,0.0,0.0,99,55.0,,28.3,8.6,1.2,50.0,75.9,1000.9,0.0,21.0,29.0,4014628.0,3865394.0,7880022.0,0.0,0.0,
2019-08-05,0.0,0.0,0.0,112,17.0,2821.5,30.5,0.0,1.1,340.0,65.5,999.7,0.0,29.0,39.0,4704247.0,4616473.0,9320720.0,0.0,0.0,1946.98
2019-08-06,0.0,0.0,0.0,50,24.0,2777.56,31.6,0.0,1.5,70.0,51.4,996.9,0.0,20.0,28.0,4852844.0,4748949.0,9601793.0,0.0,0.0,1917.5
2019-08-07,0.0,0.0,0.0,63,18.0,2768.68,26.9,8.0,1.2,290.0,78.1,995.6,0.0,13.0,21.0,4717231.0,4738413.0,9455644.0,0.0,0.0,1909.71
2019-08-08,0.0,0.0,0.0,60,46.0,2794.55,28.9,0.0,1.6,290.0,71.4,998.3,0.0,29.0,39.0,4900583.0,4934086.0,9834669.0,0.0,0.0,1920.61
2019-08-09,0.0,0.0,0.0,95,39.0,2774.75,29.8,0.0,1.3,290.0,69.0,997.7,0.0,18.0,27.0,5024149.0,5063066.0,10087215.0,0.0,0.0,1937.75
2019-08-10,0.0,0.0,0.0,94,21.0,,31.5,0.0,1.5,90.0,57.9,996.0,0.0,14.0,22.0,4664203.0,4744803.0,9409006.0,0.0,0.0,
2019-08-11,0.0,0.0,0.0,53,4.0,,30.4,6.7,2.5,90.0,53.6,992.2,0.0,11.0,17.0,4069462.0,4022002.0,8091464.0,0.0,0.0,
2019-08-12,0.0,0.0,0.0,20,5.0,2814.99,26.6,56.2,1.3,70.0,91.8,990.7,0.0,13.0,17.0,4488373.0,4528418.0,9016791.0,0.0,0.0,1942.29
2019-08-13,0.0,0.0,0.0,17,9.0,2797.26,29.2,6.4,1.5,270.0,76.9,992.7,0.0,14.0,23.0,4754496.0,4920514.0,9675010.0,0.0,0.0,1925.83
2019-08-14,0.0,0.0,0.0,37,21.0,2808.91,30.4,0.0,1.5,70.0,63.9,990.2,0.0,13.0,20.0,4837949.0,5011861.0,9849810.0,0.0,0.0,1938.37
2019-08-15,0.0,0.0,0.0,57,32.0,2815.8,25.9,16.2,1.3,50.0,82.0,983.8,0.0,5.0,9.0,3979495.0,4201905.0,8181400.0,0.0,0.0,
2019-08-16,0.0,0.0,0.0,61,27.0,2823.82,25.9,0.1,2.2,270.0,74.5,985.6,0.0,9.0,17.0,4693651.0,4974166.0,9667817.0,0.0,0.0,1927.17
2019-08-17,0.0,0.0,0.0,63,31.0,,25.9,0.0,2.5,270.0,69.5,991.5,0.0,20.0,32.0,4471739.0,4719986.0,9191725.0,0.0,0.0,
2019-08-18,0.0,0.0,0.0,41,40.0,,25.6,0.0,1.7,270.0,66.5,996.9,0.0,13.0,22.0,4018025.0,4112207.0,8130232.0,0.0,0.0,
2019-08-19,0.0,0.0,0.0,49,40.0,2883.1,26.3,0.0,1.1,50.0,60.6,999.7,0.0,15.0,25.0,4722470.0,4819089.0,9541559.0,0.0,0.0,1939.9
2019-08-20,0.0,0.0,0.0,70,37.0,2880.0,28.2,0.0,1.5,70.0,56.3,999.9,0.0,19.0,28.0,4751214.0,4951302.0,9702516.0,0.0,0.0,1960.25
2019-08-21,0.0,0.0,0.0,59,57.0,2880.33,27.0,1.3,1.2,50.0,67.3,998.5,0.0,23.0,34.0,4733558.0,4993294.0,9726852.0,0.0,0.0,1964.65
2019-08-22,0.0,0.0,0.0,93,56.0,2883.44,26.9,0.0,1.7,270.0,66.5,996.5,0.0,29.0,41.0,4876399.0,5057356.0,9933755.0,0.0,0.0,1951.01
2019-08-23,0.0,0.0,0.0,87,58.0,2897.43,26.2,0.0,2.1,270.0,58.4,998.4,0.0,19.0,33.0,5124815.0,5247026.0,10371841.0,0.0,0.0,1948.3
2019-08-24,0.0,0.0,0.0,73,84.0,,24.1,0.0,1.5,270.0,60.9,1000.6,0.0,11.0,23.0,4868981.0,5081112.0,9950093.0,0.0,0.0,
2019-08-25,0.0,0.0,0.0,106,68.0,,25.0,0.0,1.5,50.0,66.6,1002.8,0.0,12.0,20.0,4292477.0,4378287.0,8670764.0,0.0,0.0,
2019-08-26,0.0,0.0,0.0,139,48.0,2863.57,26.4,0.0,1.2,50.0,63.8,1002.0,0.0,16.0,26.0,4895929.0,5089104.0,9985033.0,0.0,0.0,1916.31
2019-08-27,0.0,0.0,0.0,82,61.0,2902.19,25.7,20.0,1.0,290.0,71.1,997.7,0.0,18.0,26.0,4903102.0,5189557.0,10092659.0,0.0,0.0,1924.6
2019-08-28,0.0,0.0,0.0,98,58.0,2893.76,26.1,0.0,1.9,270.0,66.2,996.6,0.0,19.0,29.0,5022201.0,5241560.0,10263761.0,0.0,0.0,1941.09
2019-08-29,0.0,0.0,0.0,106,29.0,2890.92,23.4,36.9,2.2,160.0,77.1,995.9,0.0,20.0,28.0,4897700.0,5142300.0,10040000.0,0.0,0.0,1933.41
2019-08-30,0.0,0.0,0.0,25,37.0,2886.24,22.6,0.2,2.4,200.0,66.3,998.8,0.0,9.0,19.0,4901579.0,5302127.0,10203706.0,0.0,0.0,1967.79
2019-08-31,0.0,0.0,0.0,37,60.0,,23.5,0.0,1.9,230.0,65.0,1003.4,0.0,10.0,18.0,4837148.0,5132388.0,9969536.0,0.0,0.0,
2019-09-01,0.0,0.0,0.0,69,38.0,,23.7,0.0,1.4,340.0,64.0,1006.8,0.0,12.0,20.0,4337825.0,4352546.0,8690371.0,0.0,0.0,
2019-09-02,0.0,0.0,0.0,75,47.0,2924.11,24.4,0.0,1.6,320.0,56.6,1006.5,0.0,14.0,26.0,4841856.0,4964438.0,9806294.0,0.0,0.0,1969.19
2019-09-03,0.0,0.0,0.0,89,56.0,2930.15,24.1,0.0,2.3,360.0,67.6,1005.3,0.0,13.0,22.0,4969090.0,5073058.0,10042148.0,0.0,0.0,1965.69
2019-09-04,0.0,0.0,0.0,89,,2957.41,22.8,22.7,2.5,360.0,89.0,1003.1,0.0,5.0,8.0,4661713.0,4823204.0,9484917.0,0.0,0.0,1988.53
2019-09-05,0.0,0.0,0.0,,66.0,2985.86,23.0,36.4,2.0,360.0,91.4,1001.9,0.0,5.0,9.0,4679525.0,4793002.0,9472527.0,0.0,0.0,2004.75
2019-09-06,0.0,0.0,0.0,117,77.0,2999.6,25.3,2.4,2.1,360.0,79.8,999.2,0.0,9.0,15.0,5017562.0,5028412.0,10045974.0,0.0,0.0,2009.13
2019-09-07,0.0,0.0,0.0,138,75.0,,25.7,2.8,6.0,360.0,72.9,987.7,0.0,6.0,14.0,3874037.0,3930005.0,7804042.0,0.0,0.0,
2019-09-08,0.0,0.0,0.0,133,60.0,,24.7,0.0,1.9,160.0,76.9,998.3,0.0,22.0,36.0,3692146.0,4016021.0,7708167.0,0.0,0.0,
2019-09-09,0.0,0.0,0.0,107,69.0,3024.74,25.1,0.0,1.7,340.0,74.3,1000.6,0.0,25.0,37.0,4592061.0,4848069.0,9440130.0,0.0,0.0,2019.55
2019-09-10,0.0,0.0,0.0,117,77.0,3021.2,23.8,63.2,2.4,360.0,93.4,1001.7,0.0,9.0,14.0,4418122.0,4700357.0,9118479.0,0.0,0.0,2032.08
2019-09-11,0.0,0.0,0.0,89,32.0,3008.81,24.3,7.6,3.1,360.0,71.4,1004.6,0.0,5.0,9.0,4792128.0,4938648.0,9730776.0,0.0,0.0,2049.2
2019-09-12,0.0,0.0,0.0,50,22.0,3031.24,21.0,3.9,2.6,360.0,72.3,1006.6,0.0,5.0,12.0,3842139.0,4085433.0,7927572.0,0.0,0.0,
2019-09-13,0.0,0.0,0.0,59,29.0,,23.3,0.1,1.7,360.0,60.4,1003.6,0.0,6.0,14.0,4074294.0,4131369.0,8205663.0,0.0,0.0,
2019-09-14,0.0,0.0,0.0,75,29.0,,22.4,0.3,1.2,320.0,80.0,1001.6,0.0,12.0,19.0,3639011.0,3435393.0,7074404.0,0.0,0.0,
2019-09-15,0.0,0.0,0.0,59,46.0,,24.2,0.0,1.7,340.0,70.4,1000.8,0.0,11.0,16.0,3685501.0,3589884.0,7275385.0,0.0,0.0,
2019-09-16,0.0,0.0,0.0,87,34.0,3030.75,24.5,0.0,2.1,360.0,53.0,1001.0,0.0,6.0,13.0,4500694.0,4667835.0,9168529.0,0.0,0.0,2062.22
2019-09-17,0.0,0.0,0.0,60,63.0,2978.12,23.5,0.0,2.1,360.0,41.6,1004.7,0.0,9.0,19.0,4729432.0,4996331.0,9725763.0,0.0,0.0,2062.33
2019-09-18,0.0,0.0,0.0,101,60.0,2985.66,21.0,0.0,3.1,230.0,46.0,1006.7,0.0,12.0,32.0,4757158.0,4974963.0,9732121.0,0.0,0.0,2070.73
2019-09-19,0.0,0.0,0.0,77,54.0,2999.28,19.5,0.0,1.9,270.0,46.5,1008.2,0.0,10.0,28.0,4827191.0,5038698.0,9865889.0,0.0,0.0,2080.35
2019-09-20,0.0,0.0,0.0,49,41.0,3006.45,19.6,0.0,2.1,360.0,52.8,1007.5,0.0,10.0,24.0,4940703.0,5033057.0,9973760.0,0.0,0.0,2091.52
2019-09-21,0.0,0.0,0.0,47,78.0,,19.6,0.0,2.0,360.0,60.3,1009.1,0.0,7.0,15.0,4695401.0,4765883.0,9461284.0,0.0,0.0,
2019-09-22,0.0,0.0,0.0,122,49.0,,18.6,0.4,3.8,360.0,63.4,1003.2,0.0,3.0,6.0,3845655.0,3956256.0,7801911.0,0.0,0.0,
2019-09-23,0.0,0.0,0.0,80,62.0,2977.08,20.0,0.0,2.2,290.0,51.1,1004.4,0.0,6.0,14.0,4713543.0,4938047.0,9651590.0,0.0,0.0,2091.7
2019-09-24,0.0,0.0,0.0,73,62.0,2985.34,19.8,0.0,1.8,230.0,61.3,1008.6,0.0,12.0,24.0,4883061.0,5100329.0,9983390.0,0.0,0.0,2101.04
2019-09-25,0.0,0.0,0.0,104,54.0,2955.43,20.9,0.0,1.4,340.0,64.4,1011.7,0.0,16.0,30.0,4903643.0,5103079.0,10006722.0,0.0,0.0,2073.39
2019-09-26,0.0,0.0,0.0,85,59.0,2929.09,22.9,0.0,1.9,340.0,59.3,1013.6,0.0,16.0,27.0,4937137.0,5090806.0,10027943.0,0.0,0.0,2074.52
2019-09-27,0.0,0.0,0.0,104,54.0,2932.17,22.9,0.0,1.9,360.0,57.5,1012.1,0.0,12.0,22.0,4955766.0,5142469.0,10098235.0,0.0,0.0,2049.93
2019-09-28,0.0,0.0,0.0,87,62.0,,23.7,0.0,1.7,230.0,58.9,1008.1,0.0,17.0,27.0,4692587.0,4852639.0,9545226.0,0.0,0.0,
2019-09-29,0.0,0.0,0.0,106,56.0,,22.6,0.0,1.7,230.0,60.6,1006.7,0.0,25.0,38.0,4148458.0,4216126.0,8364584.0,0.0,0.0,
2019-09-30,0.0,0.0,0.0,94,54.0,2905.19,22.4,0.0,1.6,230.0,61.0,1006.8,0.0,33.0,51.0,4724301.0,4914500.0,9638801.0,0.0,0.0,2063.05
2019-10-01,0.0,0.0,0.0,102,39.0,,23.1,0.0,1.8,320.0,67.1,1007.9,0.0,31.0,47.0,4828582.0,5139671.0,9968253.0,0.0,0.0,2072.42
2019-10-02,0.0,0.0,0.0,70,58.0,,21.6,23.1,3.0,360.0,88.0,1001.7,0.0,16.0,24.0,4776681.0,4898556.0,9675237.0,0.0,0.0,2031.91
2019-10-03,0.0,0.0,0.0,98,64.0,,22.4,4.6,2.8,340.0,73.4,996.4,0.0,5.0,9.0,4059888.0,4170976.0,8230864.0,0.0,0.0,
2019-10-04,0.0,0.0,0.0,89,65.0,,22.4,0.0,2.1,360.0,71.5,1002.4,0.0,16.0,25.0,4847536.0,5042912.0,9890448.0,0.0,0.0,2020.69
2019-10-05,0.0,0.0,0.0,104,22.0,,18.7,0.6,2.9,360.0,72.6,1006.1,0.0,21.0,38.0,4532213.0,4733841.0,9266054.0,0.0,0.0,
2019-10-06,0.0,0.0,0.0,30,38.0,,18.1,0.0,2.9,360.0,53.4,1012.3,0.0,5.0,12.0,4115517.0,4134438.0,8249955.0,0.0,0.0,
2019-10-07,0.0,0.0,0.0,66,40.0,,14.8,25.4,1.8,360.0,92.0,1007.9,0.0,6.0,11.0,4464738.0,4542164.0,9006902.0,0.0,0.0,2021.73
2019-10-08,0.0,0.0,0.0,97,55.0,2913.57,14.7,0.0,2.6,250.0,58.8,1008.2,0.0,10.0,22.0,4966652.0,5114099.0,10080751.0,0.0,0.0,2046.25
2019-10-09,0.0,0.0,0.0,99,63.0,2924.86,13.6,0.0,1.7,230.0,48.3,1009.5,0.0,9.0,24.0,4318937.0,4364435.0,8683372.0,0.0,0.0,
2019-10-10,0.0,0.0,0.0,128,25.0,2947.71,15.2,0.0,1.3,320.0,60.9,1006.3,0.0,15.0,30.0,4786106.0,4816109.0,9602215.0,0.0,0.0,2028.15
2019-10-11,0.0,0.0,0.0,75,49.0,2973.66,18.8,0.0,1.9,360.0,60.0,1005.2,0.0,19.0,35.0,4995563.0,5076877.0,10072440.0,0.0,0.0,2044.61
2019-10-12,0.0,0.0,0.0,117,59.0,,17.9,0.0,3.5,360.0,49.3,1008.0,0.0,11.0,24.0,4720856.0,4755437.0,9476293.0,0.0,0.0,
2019-10-13,0.0,0.0,0.0,108,53.0,,17.2,0.0,1.9,360.0,52.6,1012.2,0.0,9.0,20.0,4239198.0,4197359.0,8436557.0,0.0,0.0,
2019-10-14,0.0,0.0,0.0,79,34.0,3007.88,14.4,0.0,2.5,250.0,56.9,1014.8,0.0,16.0,34.0,4774945.0,4856542.0,9631487.0,0.0,0.0,2067.4
2019-10-15,0.0,0.0,0.0,46,47.0,2991.05,14.5,0.0,1.6,360.0,55.6,1017.6,0.0,8.0,20.0,4788387.0,4871140.0,9659527.0,0.0,0.0,2068.17
2019-10-16,0.0,0.0,0.0,56,65.0,2978.71,14.6,0.0,1.6,230.0,58.3,1016.0,0.0,14.0,27.0,4845533.0,4961363.0,9806896.0,0.0,0.0,2082.83
2019-10-17,0.0,0.0,0.0,102,70.0,2977.33,15.4,0.0,1.7,360.0,56.0,1014.1,0.0,16.0,30.0,4896997.0,5044254.0,9941251.0,0.0,0.0,2077.94
2019-10-18,0.0,0.0,0.0,131,91.0,2938.14,17.0,0.0,2.4,360.0,58.3,1011.9,0.0,9.0,17.0,5045107.0,5161451.0,10206558.0,0.0,0.0,2060.69
2019-10-19,0.0,0.0,0.0,160,71.0,,17.0,0.0,1.8,230.0,63.8,1010.4,0.0,11.0,22.0,4803375.0,4992161.0,9795536.0,0.0,0.0,
2019-10-20,0.0,0.0,0.0,145,65.0,,16.5,0.0,1.3,320.0,70.3,1011.4,0.0,23.0,37.0,4268269.0,4349841.0,8618110.0,0.0,0.0,
2019-10-21,0.0,0.0,0.0,123,98.0,2939.62,17.1,0.0,1.0,320.0,61.0,1008.5,0.0,26.0,42.0,4740179.0,4931814.0,9671993.0,0.0,0.0,2064.84
2019-10-22,0.0,0.0,0.0,125,72.0,2954.38,18.1,0.0,1.6,70.0,56.1,1007.5,0.0,24.0,39.0,4757199.0,5056257.0,9813456.0,0.0,0.0,2088.86
2019-10-23,0.0,0.0,0.0,130,49.0,2941.62,17.0,0.0,2.4,70.0,57.3,1008.9,0.0,14.0,24.0,4701747.0,5044669.0,9746416.0,0.0,0.0,2080.62
2019-10-24,0.0,0.0,0.0,99,78.0,2940.92,18.3,0.0,2.7,70.0,47.6,1009.1,0.0,16.0,28.0,4828869.0,5143193.0,9972062.0,0.0,0.0,2085.66
2019-10-25,0.0,0.0,0.0,149,28.0,2954.93,16.7,0.0,2.4,70.0,58.0,1007.4,0.0,12.0,25.0,4833820.0,5152269.0,9986089.0,0.0,0.0,2087.89
2019-10-26,0.0,0.0,0.0,27,40.0,,10.0,0.0,2.5,270.0,60.0,1008.5,0.0,13.0,23.0,4732774.0,4933440.0,9666214.0,0.0,0.0,
2019-10-27,0.0,0.0,0.0,43,57.0,,11.0,0.0,1.6,290.0,59.0,1009.1,0.0,14.0,25.0,4235341.0,4326430.0,8561771.0,0.0,0.0,
2019-10-28,0.0,0.0,0.0,92,128.0,2980.05,12.9,1.7,2.5,200.0,65.9,1005.3,0.0,19.0,31.0,4696943.0,4765876.0,9462819.0,0.0,0.0,2093.6
2019-10-29,0.0,0.0,0.0,112,106.0,2954.18,12.5,0.1,2.3,270.0,61.0,1005.5,0.0,20.0,98.0,4867715.0,4817881.0,9685596.0,0.0,0.0,2092.69
2019-10-30,0.0,0.0,0.0,88,150.0,2939.32,11.2,0.0,1.6,270.0,60.3,1011.1,0.0,11.0,26.0,4981847.0,4988075.0,9969922.0,0.0,0.0,2080.27
2019-10-31,0.0,0.0,0.0,143,114.0,2929.06,14.8,0.0,2.3,230.0,73.8,1010.1,0.0,25.0,79.0,4864553.0,4923044.0,9787597.0,0.0,0.0,2083.48
2019-11-01,0.0,0.0,0.0,144,127.0,2958.2,14.9,0.0,1.8,290.0,57.9,1011.3,0.0,34.0,92.0,4992828.0,5070123.0,10062951.0,0.0,0.0,2100.2
2019-11-02,0.0,0.0,0.0,168,95.0,,13.6,0.0,1.5,290.0,57.3,1009.9,0.0,40.0,77.0,4850654.0,4874630.0,9725284.0,0.0,0.0,
2019-11-03,0.0,0.0,0.0,146,67.0,,14.7,0.0,2.1,70.0,57.8,1009.6,0.0,33.0,55.0,4324757.0,4251738.0,8576495.0,0.0,0.0,
2019-11-04,0.0,0.0,0.0,128,49.0,2975.49,13.8,0.0,2.1,70.0,57.8,1011.5,0.0,7.0,15.0,4892956.0,4854920.0,9747876.0,0.0,0.0,2130.24
2019-11-05,0.0,0.0,0.0,56,77.0,2991.56,12.4,0.0,1.6,20.0,65.1,1009.0,0.0,20.0,35.0,5055468.0,4949941.0,10005409.0,0.0,0.0,2142.64
2019-11-06,0.0,0.0,0.0,110,90.0,2978.6,11.0,0.0,1.8,290.0,63.6,1006.6,0.0,30.0,50.0,5019239.0,5003907.0,10023146.0,0.0,0.0,2144.15
2019-11-07,0.0,0.0,0.0,156,82.0,2978.71,9.2,0.0,2.7,320.0,42.8,1007.5,0.0,23.0,52.0,5005449.0,5143870.0,10149319.0,0.0,0.0,2144.29
2019-11-08,0.0,0.0,0.0,122,82.0,2964.18,6.8,0.0,1.9,290.0,31.4,1011.1,0.0,18.0,45.0,5057908.0,5240553.0,10298461.0,0.0,0.0,2137.23
2019-11-09,0.0,0.0,0.0,138,107.0,,9.5,0.0,1.6,290.0,41.4,1011.0,0.0,22.0,45.0,4801258.0,5021004.0,9822262.0,0.0,0.0,
2019-11-10,0.0,0.0,0.0,178,85.0,,10.0,11.8,2.1,70.0,59.6,1001.2,0.0,25.0,40.0,4245846.0,4324209.0,8570055.0,0.0,0.0,
2019-11-11,0.0,0.0,0.0,113,76.0,2909.97,11.2,1.1,2.4,290.0,71.6,1000.8,0.0,15.0,25.0,4798116.0,5002200.0,9800316.0,0.0,0.0,2124.09
2019-11-12,0.0,0.0,0.0,75,87.0,2914.82,9.3,0.0,1.4,20.0,63.6,1010.5,0.0,22.0,40.0,5050654.0,4960639.0,10011293.0,0.0,0.0,2140.92
2019-11-13,0.0,0.0,0.0,129,98.0,2905.24,7.2,7.5,2.8,50.0,72.3,1007.2,0.0,21.0,35.0,4932401.0,5011238.0,9943639.0,0.0,0.0,2122.45
2019-11-14,0.0,0.0,0.0,101,83.0,2909.87,1.3,0.0,2.9,290.0,30.6,1013.7,0.0,6.0,21.0,5087808.0,5112661.0,10200469.0,0.0,0.0,2139.23
2019-11-15,0.0,0.0,0.0,79,89.0,2891.34,5.6,18.8,2.0,70.0,87.4,1007.6,0.0,13.0,24.0,4879653.0,4830395.0,9710048.0,0.0,0.0,2162.18
2019-11-16,0.0,0.0,0.0,121,124.0,,6.8,0.0,1.6,50.0,81.3,1010.1,5.33,21.0,33.0,4667290.0,4747749.0,9415039.0,0.0,0.0,
2019-11-17,0.0,0.0,0.0,188,87.0,,8.3,21.1,3.1,70.0,79.4,1006.9,0.0,16.0,28.0,3979508.0,4017393.0,7996901.0,0.0,0.0,
2019-11-18,0.0,0.0,0.0,160,145.0,2909.2,4.6,14.7,3.9,270.0,59.8,1008.7,0.0,11.0,64.0,4776399.0,4908213.0,9684612.0,0.0,0.0,2160.69
2019-11-19,0.0,0.0,0.0,104,114.0,2933.99,0.2,0.0,2.8,290.0,48.0,1015.5,0.0,9.0,30.0,4880749.0,5074794.0,9955543.0,0.0,0.0,2153.24
2019-11-20,0.0,0.0,0.0,118,73.0,2911.05,0.5,0.0,1.8,290.0,35.5,1020.9,0.0,10.0,24.0,4931737.0,5039813.0,9971550.0,0.0,0.0,2125.32
2019-11-21,0.0,0.0,0.0,102,67.0,2903.64,4.2,0.0,1.9,50.0,37.4,1021.4,0.0,18.0,37.0,5030596.0,5117178.0,10147774.0,0.0,0.0,2096.6
2019-11-22,0.0,0.0,0.0,99,57.0,2885.29,9.7,0.0,2.1,70.0,34.1,1017.0,0.0,22.0,46.0,5151451.0,5276139.0,10427590.0,0.0,0.0,2101.96
2019-11-23,0.0,0.0,0.0,108,65.0,,12.1,0.0,1.8,70.0,52.0,1013.4,0.0,19.0,36.0,4921996.0,5040708.0,9962704.0,0.0,0.0,
2019-11-24,0.0,0.0,0.0,133,64.0,,9.8,3.8,2.2,50.0,74.6,1010.1,0.0,20.0,33.0,4201335.0,4287583.0,8488918.0,0.0,0.0,
2019-11-25,0.0,0.0,0.0,100,38.0,2906.17,1.9,0.0,2.7,290.0,62.1,1019.1,0.0,14.0,26.0,4852453.0,4902643.0,9755096.0,0.0,0.0,2123.5
2019-11-26,0.0,0.0,0.0,45,63.0,2907.06,6.6,0.0,2.0,290.0,64.0,1018.6,0.0,16.0,26.0,4985057.0,5052039.0,10037096.0,0.0,0.0,2121.35
2019-11-27,0.0,0.0,0.0,108,65.0,2903.19,3.1,0.0,2.7,320.0,50.8,1017.7,0.0,22.0,41.0,5035810.0,5038447.0,10074257.0,0.0,0.0,2127.85
2019-11-28,0.0,0.0,0.0,101,37.0,2889.69,3.5,0.0,2.0,290.0,52.4,1019.1,0.0,20.0,38.0,5143073.0,5099891.0,10242964.0,0.0,0.0,2118.6
2019-11-29,0.0,0.0,0.0,49,78.0,2871.98,1.5,0.0,2.0,290.0,42.8,1020.9,0.0,23.0,45.0,5221418.0,5194782.0,10416200.0,0.0,0.0,2087.96
2019-11-30,0.0,0.0,0.0,124,64.0,,4.1,0.0,1.7,70.0,42.6,1018.0,0.0,28.0,46.0,4872187.0,4941420.0,9813607.0,0.0,0.0,
2019-12-01,0.0,0.0,0.0,138,54.0,,4.6,3.3,1.6,50.0,79.4,1011.4,0.0,29.0,39.0,4054085.0,4153187.0,8207272.0,0.0,0.0,
2019-12-02,0.0,0.0,0.0,98,46.0,2875.81,-0.1,0.0,3.1,290.0,48.0,1011.8,0.0,13.0,23.0,4835600.0,4934885.0,9770485.0,0.0,0.0,2091.92
2019-12-03,0.0,0.0,0.0,71,60.0,2884.7,0.5,0.6,1.6,20.0,61.3,1014.4,0.0,16.0,28.0,4903983.0,5004896.0,9908879.0,0.0,0.0,2084.07
2019-12-04,0.0,0.0,0.0,93,66.0,2878.12,2.0,0.0,1.8,290.0,41.6,1018.5,0.0,15.0,29.0,5040859.0,5076972.0,10117831.0,0.0,0.0,2068.89
2019-12-05,0.0,0.0,0.0,105,70.0,2899.47,-4.4,0.0,3.2,320.0,31.9,1025.3,0.0,11.0,22.0,5014690.0,5046786.0,10061476.0,0.0,0.0,2060.74
2019-12-06,0.0,0.0,0.0,118,61.0,2912.01,-5.9,0.0,1.7,290.0,34.5,1025.0,0.0,16.0,31.0,5101111.0,5154379.0,10255490.0,0.0,0.0,2081.85
2019-12-07,0.0,0.0,0.0,122,83.0,,-2.4,0.1,1.7,50.0,65.0,1018.9,0.0,31.0,47.0,4792742.0,4896909.0,9689651.0,0.0,0.0,
2019-12-08,0.0,0.0,0.0,161,92.0,,-0.9,0.0,1.4,70.0,65.1,1018.0,0.0,40.0,55.0,4184853.0,4176238.0,8361091.0,0.0,0.0,
2019-12-09,0.0,0.0,0.0,172,159.0,2914.48,3.2,0.0,2.5,70.0,56.8,1012.4,0.0,46.0,63.0,4818025.0,4938875.0,9756900.0,0.0,0.0,2088.65
2019-12-10,0.0,0.0,0.0,252,107.0,2917.32,8.1,1.7,1.2,50.0,82.3,1008.4,0.0,71.0,97.0,4836355.0,4997034.0,9833389.0,0.0,0.0,2098.0
2019-12-11,0.0,0.0,0.0,181,60.0,2924.42,6.3,0.2,3.4,270.0,62.0,1007.1,0.0,51.0,75.0,5039744.0,5127205.0,10166949.0,0.0,0.0,2105.62
2019-12-12,0.0,0.0,0.0,101,56.0,2915.7,-0.7,0.0,1.8,290.0,45.4,1018.0,0.0,14.0,20.0,5114001.0,5178412.0,10292413.0,0.0,0.0,2137.35
2019-12-13,0.0,0.0,0.0,68,79.0,2967.68,2.1,1.0,2.0,50.0,53.6,1015.7,0.0,16.0,27.0,5227916.0,5300125.0,10528041.0,0.0,0.0,2170.25
2019-12-14,0.0,0.0,0.0,143,71.0,,2.7,0.0,2.3,290.0,58.3,1017.3,0.0,26.0,38.0,4926278.0,5003457.0,9929735.0,0.0,0.0,
2019-12-15,0.0,0.0,0.0,112,63.0,,5.3,0.0,2.0,90.0,52.5,1018.2,0.0,26.0,37.0,4318369.0,4279511.0,8597880.0,0.0,0.0,
2019-12-16,0.0,0.0,0.0,107,70.0,2984.39,7.8,0.0,1.9,70.0,58.9,1012.1,0.0,23.0,38.0,4982053.0,5012920.0,9994973.0,0.0,0.0,2168.15
2019-12-17,0.0,0.0,0.0,164,61.0,3022.42,7.7,9.8,2.3,290.0,81.4,1005.4,0.67,19.0,28.0,4897621.0,5011002.0,9908623.0,0.0,0.0,2195.68
2019-12-18,0.0,0.0,0.0,134,44.0,3017.04,0.8,0.0,2.5,270.0,64.6,1013.2,0.0,27.0,38.0,5140146.0,5179604.0,10319750.0,0.0,0.0,2194.76
2019-12-19,0.0,0.0,0.0,79,74.0,3017.07,-0.8,0.0,2.4,290.0,47.8,1015.3,0.0,17.0,26.0,5178178.0,5175341.0,10353519.0,0.0,0.0,2196.56
2019-12-20,0.0,0.0,0.0,143,80.0,3004.94,-1.1,0.0,2.3,340.0,45.3,1018.6,0.0,19.0,29.0,5278639.0,5225232.0,10503871.0,0.0,0.0,2204.18
2019-12-21,0.0,0.0,0.0,140,80.0,,-1.2,0.6,1.7,50.0,68.1,1016.4,0.0,23.0,34.0,4843251.0,4870889.0,9714140.0,0.0,0.0,
2019-12-22,0.0,0.0,0.0,165,109.0,,4.1,0.3,1.7,70.0,63.4,1010.1,0.0,43.0,58.0,4247833.0,4225481.0,8473314.0,0.0,0.0,
2019-12-23,0.0,0.0,0.0,195,105.0,2962.75,3.4,2.9,2.0,320.0,80.4,1011.5,0.0,40.0,50.0,4983911.0,4973058.0,9956969.0,0.0,0.0,2203.71
2019-12-24,0.0,0.0,0.0,185,86.0,2982.68,0.8,0.0,1.4,50.0,67.9,1016.6,0.0,52.0,69.0,5138032.0,5085588.0,10223620.0,0.0,0.0,2190.08
2019-12-25,0.0,0.0,0.0,169,86.0,2981.88,2.0,0.0,1.0,50.0,60.8,1013.1,0.0,38.0,51.0,4169934.0,4076207.0,8246141.0,0.0,0.0,
2019-12-26,0.0,0.0,0.0,171,71.0,3007.35,2.0,0.3,2.4,290.0,59.0,1007.2,0.0,33.0,47.0,4980909.0,4947754.0,9928663.0,0.0,0.0,2197.93
2019-12-27,0.0,0.0,0.0,138,58.0,3005.04,-1.7,0.0,2.1,340.0,45.4,1014.1,0.0,24.0,34.0,5183352.0,5134254.0,10317606.0,0.0,0.0,2204.21
2019-12-28,0.0,0.0,0.0,98,60.0,,1.1,0.0,2.0,70.0,47.6,1017.7,0.0,25.0,42.0,4755860.0,4692567.0,9448427.0,0.0,0.0,
2019-12-29,0.0,0.0,0.0,119,46.0,,3.8,1.4,2.9,70.0,52.5,1015.0,0.0,27.0,45.0,4063067.0,3983210.0,8046277.0,0.0,0.0,
2019-12-30,0.0,0.0,0.0,95,,3040.02,2.7,0.4,2.9,320.0,70.3,1013.0,0.0,25.0,36.0,4883114.0,4791831.0,9674945.0,0.0,0.0,2197.67
2019-12-31,0.0,0.0,0.0, ,,3050.12,-7.9,0.0,3.1,290.0,39.3,1023.7,0.0,15.0,26.0,4964591.0,4839660.0,9804251.0,27.0,0.0,
2020-01-01,0.0,0.0,0.0,,61.0,,-2.2,0.1,0.6,50.0,64.4,1021.1,0.0,23.0,34.0,3702304.0,3644995.0,7347299.0,0.0,0.0,
2020-01-02,0.0,0.0,0.0,114,92.0,3085.2,1.0,0.0,1.2,50.0,65.4,1018.7,0.0,40.0,58.0,4658439.0,4668295.0,9326734.0,0.0,0.0,2175.17
2020-01-03,0.0,0.0,0.0,163,108.0,3083.79,-0.1,0.0,1.7,290.0,56.9,1016.4,0.0,47.0,69.0,5005256.0,4993382.0,9998638.0,17.0,0.0,2176.46
2020-01-04,0.0,0.0,0.0,179,132.0,,1.2,0.0,1.9,50.0,50.8,1015.4,0.0,38.0,56.0,4591147.0,4607086.0,9198233.0,0.0,0.0,
2020-01-05,0.0,0.0,0.0,212,102.0,,1.3,0.0,1.1,50.0,45.6,1019.7,0.0,36.0,52.0,3947510.0,3920848.0,7868358.0,15.0,0.0,
2020-01-06,0.0,0.0,0.0,190,77.0,3083.41,3.1,1.8,3.1,70.0,65.4,1015.3,0.0,27.0,39.0,4679753.0,4751033.0,9430786.0,0.0,0.0,2155.07
2020-01-07,0.0,0.0,0.0,165,27.0,3104.8,6.3,46.3,4.0,70.0,95.0,999.3,0.0,6.0,8.0,4585625.0,4638246.0,9223871.0,0.0,0.0,2175.54
2020-01-08,0.0,0.0,0.0,80,45.0,3066.89,2.4,11.6,3.3,270.0,86.1,1003.6,0.0,16.0,21.0,4836871.0,4818299.0,9655170.0,0.0,0.0,2151.31
2020-01-09,0.0,0.0,0.0,113,37.0,3094.88,-1.2,0.0,2.3,290.0,65.3,1013.4,0.0,40.0,50.0,5037047.0,4955093.0,9992140.0,0.0,0.0,2186.45
2020-01-10,0.0,0.0,0.0,87,68.0,3092.29,-0.6,0.0,1.5,290.0,62.9,1013.0,0.0,49.0,65.0,5160750.0,5048245.0,10208995.0,0.0,0.0,2206.39
2020-01-11,0.0,0.0,0.0,142,93.0,,-0.1,0.0,1.9,290.0,60.9,1009.4,0.0,40.0,54.0,4719207.0,4709357.0,9428564.0,0.0,1.0,
2020-01-12,0.0,0.0,0.0,179,78.0,,-1.0,0.0,2.4,290.0,61.5,1007.5,0.0,34.0,46.0,4040997.0,3992318.0,8033315.0,0.0,0.0,
2020-01-13,0.0,0.0,0.0,163,88.0,3115.57,-2.9,0.0,2.3,290.0,51.0,1012.4,0.0,17.0,26.0,4874328.0,4894652.0,9768980.0,0.0,0.0,2229.26
2020-01-14,0.0,0.0,0.0,170,55.0,3106.82,-2.3,0.0,1.6,290.0,45.3,1015.0,0.0,21.0,32.0,4865589.0,4931346.0,9796935.0,0.0,0.0,2238.88
2020-01-15,0.0,0.0,0.0,120,70.0,3090.04,-2.7,0.0,1.9,270.0,44.8,1017.6,0.0,25.0,38.0,4857909.0,4993186.0,9851095.0,0.0,1.0,2230.98
2020-01-16,0.0,0.0,0.0,135,97.0,3074.08,-1.7,0.0,1.6,320.0,43.0,1016.3,0.0,28.0,43.0,4894374.0,5061118.0,9955492.0,0.0,0.0,2248.05
2020-01-17,0.0,0.0,0.0,173,116.0,3075.5,-0.6,0.0,1.5,290.0,43.9,1012.6,0.0,37.0,58.0,5024261.0,5145567.0,10169828.0,4.0,0.0,2250.57
2020-01-18,0.0,0.0,0.0,196,96.0,,0.3,0.0,1.8,270.0,48.1,1010.9,0.0,40.0,64.0,4729680.0,4829387.0,9559067.0,17.0,0.0,
2020-01-19,0.0,0.0,0.0,185,106.0,,1.9,0.6,2.2,270.0,62.8,1008.0,0.0,47.0,63.0,4058531.0,4004062.0,8062593.0,136.0,1.0,
2020-01-20,0.0,0.0,0.0,182,76.0,3095.79,0.7,0.0,2.5,270.0,46.8,1012.2,0.0,30.0,52.0,4978959.0,4991878.0,9970837.0,19.0,0.0,2262.64
2020-01-21,0.0,0.0,0.0,152,84.0,3052.14,-0.4,0.0,1.4,320.0,36.9,1018.8,0.0,25.0,44.0,5119780.0,5123648.0,10243428.0,151.0,3.0,2239.69
2020-01-22,0.0,0.0,0.0,164,87.0,3060.75,3.0,0.0,1.7,50.0,36.0,1014.6,0.0,28.0,45.0,5179430.0,5209937.0,10389367.0,140.0,11.0,2267.25
2020-01-23,0.0,0.0,0.0,169,102.0,2976.53,4.6,0.0,2.0,290.0,49.3,1013.5,0.0,40.0,60.0,4967237.0,5097704.0,10064941.0,97.0,0.0,2246.13
2020-01-24,0.0,0.0,0.0,191,94.0,,2.8,0.0,1.7,290.0,63.0,1019.5,0.0,51.0,71.0,3828867.0,3948809.0,7777676.0,259.0,9.0,
2020-01-25,0.0,0.0,0.0,181,59.0,,4.3,0.0,1.5,290.0,63.1,1018.7,0.0,38.0,51.0,4210864.0,4255537.0,8466401.0,441.0,15.0,
2020-01-26,0.0,0.0,0.0,134,73.0,,5.5,0.0,2.7,70.0,56.3,1016.5,0.0,20.0,27.0,3763165.0,3608475.0,7371640.0,665.0,15.0,
2020-01-27,0.0,0.0,0.0,164,62.0,,5.9,0.1,4.6,70.0,48.1,1010.4,0.0,5.0,10.0,3521678.0,3419665.0,6941343.0,787.0,25.0,
2020-01-28,0.0,0.0,0.0,140,61.0,,6.8,0.0,2.6,50.0,49.4,1007.7,0.0,6.0,12.0,4619410.0,4531460.0,9150870.0,1753.0,25.0,2176.72
2020-01-29,0.0,0.0,0.0,146,90.0,,6.0,0.0,2.1,70.0,46.4,1005.3,0.0,8.0,17.0,4935581.0,4970428.0,9906009.0,1466.0,26.0,2185.28
2020-01-30,0.0,0.0,0.0,185,54.0,,5.2,0.0,1.8,70.0,47.0,1004.4,0.0,10.0,18.0,5007017.0,5047066.0,10054083.0,1740.0,38.0,2148.0
2020-01-31,0.0,0.0,0.0,113,52.0,,3.9,0.0,2.3,270.0,59.6,1009.0,0.0,17.0,25.0,5013570.0,5112656.0,10126226.0,1980.0,43.0,2119.01
2020-02-01,0.0,0.0,0.0,128,74.0,,2.6,0.0,1.7,290.0,66.6,1013.4,0.0,52.0,69.0,4453981.0,4548819.0,9002800.0,2095.0,46.0,
2020-02-02,0.0,0.0,0.0,165,77.0,,1.5,0.0,1.8,290.0,52.3,1014.7,0.0,54.0,70.0,3642569.0,3708484.0,7351053.0,2590.0,45.0,
2020-02-03,0.0,0.0,0.0,168,35.0,2746.61,-0.4,0.0,3.1,270.0,43.6,1016.3,0.0,16.0,25.0,4741851.0,4948794.0,9690645.0,2812.0,57.0,2118.88
2020-02-04,0.0,0.0,0.0,83,67.0,2783.29,-1.6,1.7,2.8,320.0,50.3,1015.8,0.0,16.0,24.0,4813047.0,4965771.0,9778818.0,3237.0,65.0,2157.9
2020-02-05,0.0,0.0,0.0,149,32.0,2818.09,-8.3,0.0,3.3,320.0,37.3,1021.0,0.0,11.0,22.0,4278879.0,4328228.0,8607107.0,3872.0,66.0,2165.63
2020-02-06,0.0,0.0,0.0,75,56.0,2866.51,-6.4,0.0,1.9,290.0,36.4,1023.0,0.0,20.0,38.0,4652812.0,4599143.0,9251955.0,3727.0,72.0,2227.94
2020-02-07,0.0,0.0,0.0,129,57.0,2875.96,-1.7,0.0,2.0,290.0,45.1,1018.5,0.0,24.0,37.0,4848996.0,4916313.0,9765309.0,3160.0,73.0,2211.95
2020-02-08,0.0,0.0,0.0,150,59.0,,-0.1,0.0,3.0,320.0,48.1,1016.7,0.0,29.0,40.0,4459400.0,4488496.0,8947896.0,3418.0,86.0,
2020-02-09,0.0,0.0,0.0,149,70.0,,-0.5,0.0,2.0,270.0,51.1,1014.6,0.0,25.0,36.0,3705843.0,3674733.0,7380576.0,2607.0,89.0,
2020-02-10,0.0,0.0,0.0,165,50.0,2890.49,4.0,0.0,1.7,290.0,49.4,1013.4,0.0,31.0,47.0,4709439.0,4783218.0,9492657.0,2974.0,97.0,2201.07
2020-02-11,0.0,0.0,0.0,122,47.0,2901.67,6.8,0.0,1.6,50.0,37.0,1016.3,0.0,35.0,57.0,4857483.0,4954209.0,9811692.0,2490.0,108.0,2223.12
2020-02-12,0.0,0.0,0.0,122,43.0,2926.9,7.4,6.7,2.2,70.0,73.4,1006.4,0.0,34.0,48.0,4745196.0,4833783.0,9578979.0,2028.0,97.0,2238.38
2020-02-13,0.0,0.0,0.0,112,44.0,2906.07,6.5,0.0,1.7,290.0,84.8,1008.8,0.78,54.0,70.0,5020499.0,5029960.0,10050459.0,15141.0,254.0,2232.96
2020-02-14,0.0,0.0,0.0,107,35.0,2917.01,8.1,0.0,1.2,290.0,70.3,1010.4,0.0,61.0,80.0,5190348.0,5200213.0,10390561.0,4156.0,13.0,2243.59
2020-02-15,0.0,0.0,0.0,96,21.0,,9.8,2.0,2.7,70.0,63.0,1007.3,0.0,49.0,63.0,4651086.0,4640694.0,9291780.0,2538.0,143.0,
2020-02-16,0.0,0.0,0.0,57,20.0,,-1.4,13.4,4.0,270.0,81.1,1002.6,0.0,18.0,24.0,3663184.0,3702661.0,7365845.0,2007.0,142.0,
2020-02-17,14.0,0.0,3.0,42,15.0,2983.62,-5.9,1.0,3.4,320.0,64.3,1007.4,0.0,18.0,31.0,4471006.0,4588144.0,9059150.0,2052.0,105.0,2242.17
2020-02-18,14.0,0.0,3.0,37,23.0,2984.97,-4.1,0.0,2.3,290.0,44.0,1016.7,0.0,15.0,23.0,4921258.0,5001383.0,9922641.0,1890.0,98.0,2208.88
2020-02-19,15.0,0.0,5.0,53,30.0,2975.4,1.0,0.0,1.5,50.0,56.8,1019.3,0.0,23.0,32.0,4951195.0,4983350.0,9934545.0,1750.0,139.0,2210.34
2020-02-20,22.0,0.0,5.0,74,55.0,3030.15,4.6,0.0,1.7,50.0,62.6,1022.6,0.0,44.0,58.0,5001550.0,5016951.0,10018501.0,394.0,112.0,2195.5
2020-02-21,27.0,0.0,6.0,123,88.0,3039.67,6.7,4.2,2.2,200.0,66.3,1018.5,0.0,46.0,60.0,4997517.0,5072421.0,10069938.0,891.0,118.0,2162.84
2020-02-22,30.0,0.0,6.0,159,52.0,,4.0,3.1,4.0,270.0,62.0,1014.2,0.0,37.0,69.0,4310987.0,4369619.0,8680606.0,826.0,109.0,
2020-02-23,31.0,0.0,6.0,63,69.0,,2.5,0.0,2.0,270.0,48.6,1018.2,0.0,12.0,23.0,3502279.0,3455104.0,6957383.0,647.0,98.0,
2020-02-24,35.0,0.0,8.0,103,78.0,3031.23,7.0,0.0,1.6,50.0,51.8,1013.6,0.0,19.0,34.0,4540651.0,4628818.0,9169469.0,218.0,150.0,2079.04
2020-02-25,41.0,0.0,8.0,149,50.0,3013.05,6.7,16.6,4.2,70.0,73.5,1007.4,0.0,13.0,21.0,4397399.0,4556470.0,8953869.0,515.0,70.0,2103.61
2020-02-26,49.0,0.0,8.0,133,54.0,2987.93,6.4,0.0,2.1,50.0,59.6,1012.7,0.0,10.0,17.0,4688669.0,4738625.0,9427294.0,410.0,52.0,2076.77
2020-02-27,56.0,0.0,9.0,114,42.0,2991.33,6.1,0.0,2.0,70.0,54.0,1017.0,0.0,7.0,13.0,4705660.0,4842154.0,9547814.0,439.0,29.0,2054.89
2020-02-28,62.0,0.0,9.0,81,30.0,2880.3,4.5,3.9,1.4,50.0,79.4,1011.9,0.0,18.0,26.0,4576933.0,4711440.0,9288373.0,329.0,44.0,1987.01
2020-02-29,77.0,0.0,11.0,93,50.0,,7.7,0.5,1.7,50.0,68.6,1007.7,0.0,17.0,24.0,3939021.0,4124381.0,8063402.0,428.0,47.0,
2020-03-01,87.0,0.0,13.0,138,56.0,,5.8,0.2,2.0,270.0,71.8,1007.9,0.0,34.0,45.0,3057329.0,3091480.0,6148809.0,574.0,35.0,
2020-03-02,91.0,0.0,13.0,129,48.0,2970.93,3.4,0.0,2.7,290.0,55.3,1013.1,0.0,29.0,38.0,4503368.0,4604385.0,9107753.0,205.0,42.0,2002.51
2020-03-03,98.0,0.0,13.0,100,48.0,2992.9,4.8,0.0,2.6,70.0,57.0,1013.3,0.0,33.0,45.0,4591410.0,4710503.0,9301913.0,127.0,32.0,2014.15
2020-03-04,99.0,0.0,13.0,98,29.0,3011.67,2.2,0.0,3.7,270.0,53.4,1011.4,0.0,34.0,45.0,4634721.0,4762307.0,9397028.0,119.0,37.0,2059.33
2020-03-05,103.0,0.0,25.0,52,54.0,3071.68,1.4,0.0,2.5,270.0,47.5,1014.5,0.0,28.0,36.0,4716146.0,4829267.0,9545413.0,117.0,31.0,2085.26
2020-03-06,105.0,0.0,25.0,87,59.0,3034.51,3.7,0.0,1.6,50.0,46.8,1011.7,0.0,27.0,40.0,4813374.0,4898459.0,9711833.0,170.0,30.0,2040.22
2020-03-07,108.0,0.0,27.0,125,69.0,,7.0,0.0,2.0,70.0,39.5,1007.5,0.0,39.0,55.0,4104008.0,4176347.0,8280355.0,101.0,28.0,
2020-03-08,120.0,0.0,28.0,154,88.0,,9.3,0.0,1.6,290.0,43.8,1008.0,0.0,45.0,59.0,3304350.0,3308952.0,6613302.0,46.0,27.0,
2020-03-09,130.0,0.0,29.0,168,86.0,2943.29,11.1,0.0,1.8,320.0,37.6,1003.6,0.0,43.0,59.0,4574267.0,4712135.0,9286402.0,45.0,23.0,1954.77
2020-03-10,141.0,0.0,31.0,173,54.0,2996.76,6.4,11.8,2.8,290.0,78.4,997.6,0.0,32.0,43.0,4399864.0,4557430.0,8957294.0,20.0,17.0,1962.93
2020-03-11,193.0,0.0,37.0,100,76.0,2968.52,3.8,0.0,3.3,270.0,41.8,1007.7,0.0,13.0,34.0,4705111.0,4875703.0,9580814.0,29.0,22.0,1908.27
2020-03-12,212.0,0.0,38.0,98,78.0,2923.49,6.8,0.0,2.5,250.0,49.8,1010.9,0.0,14.0,34.0,4733647.0,4903962.0,9637609.0,24.0,11.0,1834.33
2020-03-13,225.0,0.0,40.0,104,52.0,2887.43,4.9,0.5,3.3,320.0,41.0,1011.3,0.0,13.0,32.0,4648274.0,4807940.0,9456214.0,22.0,7.0,1771.44
2020-03-14,238.0,0.0,44.0,66,67.0,,3.6,0.0,3.0,250.0,48.1,1005.0,0.0,19.0,39.0,4266975.0,4377206.0,8644181.0,19.0,15.0,
2020-03-15,247.0,0.0,47.0,99,68.0,,4.0,0.0,3.6,320.0,48.3,1001.4,0.0,17.0,41.0,3328986.0,3333837.0,6662823.0,22.0,9.0,
2020-03-16,253.0,0.0,52.0,74,59.0,2789.25,3.6,0.0,2.8,250.0,42.4,1011.4,0.0,12.0,24.0,4632048.0,4618991.0,9251039.0,25.0,13.0,1714.86
2020-03-17,265.0,0.0,55.0,83,64.0,2779.64,6.6,0.0,2.1,230.0,65.8,1005.0,0.0,22.0,49.0,4707210.0,4756246.0,9463456.0,43.0,9.0,1672.44
2020-03-18,270.0,0.0,55.0,105,65.0,2728.76,10.0,0.0,1.8,250.0,45.8,1002.6,0.0,35.0,60.0,4747200.0,4877092.0,9624292.0,23.0,16.0,1591.2
2020-03-19,282.0,0.0,58.0,99,26.0,2702.13,9.1,0.0,4.8,270.0,49.0,995.6,0.0,26.0,61.0,4654441.0,4837930.0,9492371.0,44.0,8.0,1457.64
2020-03-20,299.0,0.0,64.0,32,97.0,2745.62,8.8,0.0,3.1,200.0,39.6,1003.3,0.0,9.0,41.0,4956314.0,5070133.0,10026447.0,99.0,4.0,1566.15
2020-03-21,314.0,0.0,64.0,87,96.0,,12.8,0.0,2.0,180.0,56.5,1001.3,0.0,17.0,53.0,4341844.0,4413293.0,8755137.0,52.0,6.0,
2020-03-22,324.0,0.0,64.0,137,66.0,,11.0,0.0,3.0,290.0,37.5,1004.0,0.0,17.0,41.0,3516978.0,3532722.0,7049700.0,65.0,6.0,
2020-03-23,330.0,0.0,64.0,102,69.0,2660.17,10.6,0.0,1.9,270.0,37.9,1006.7,0.0,28.0,50.0,4647226.0,4814202.0,9461428.0,138.0,9.0,1482.46
2020-03-24,334.0,0.0,72.0,104,57.0,2722.44,11.4,0.0,1.8,270.0,35.0,1009.8,0.0,35.0,58.0,4678046.0,4905151.0,9583197.0,69.0,7.0,1609.97
2020-03-25,347.0,0.0,72.0,88,53.0,2781.59,12.5,0.0,1.9,290.0,33.6,1009.7,0.0,30.0,50.0,4739988.0,4923923.0,9663911.0,78.0,4.0,1704.76
2020-03-26,360.0,0.0,80.0,86,47.0,2764.91,14.8,1.8,1.9,70.0,53.8,1004.9,0.0,31.0,51.0,4692446.0,4833588.0,9526034.0,102.0,6.0,1686.24
2020-03-27,372.0,0.0,89.0,95,36.0,2772.2,11.9,2.0,3.3,290.0,56.4,1003.2,0.0,25.0,42.0,4863481.0,4975792.0,9839273.0,94.0,5.0,1717.73
2020-03-28,390.0,0.0,93.0,37,46.0,,7.7,0.0,3.2,360.0,17.9,1010.8,0.0,8.0,34.0,4340584.0,4436420.0,8777004.0,119.0,3.0,
2020-03-29,410.0,0.0,93.0,45,60.0,,8.7,0.0,2.0,290.0,30.6,1010.9,0.0,16.0,41.0,3488491.0,3527955.0,7016446.0,113.0,5.0,
2020-03-30,426.0,0.0,92.0,87,68.0,2747.21,10.2,0.0,1.8,270.0,38.4,1010.1,0.0,28.0,52.0,4676131.0,4802566.0,9478697.0,98.0,2.0,1717.12
2020-03-31,450.0,0.0,107.0,131,41.0,2750.3,11.9,0.0,2.0,270.0,34.5,1007.0,0.0,26.0,49.0,4801759.0,4846996.0,9648755.0,84.0,3.0,1754.64
2020-04-01,474.0,0.0,117.0,86,62.0,2734.52,11.3,0.0,3.7,290.0,35.6,1004.5,0.0,31.0,70.0,4801962.0,4851011.0,9652973.0,54.0,1.0,1685.46
2020-04-02,488.0,0.0,117.0,58,60.0,2780.64,9.3,0.0,2.3,250.0,41.4,1011.6,0.0,24.0,39.0,4709480.0,4818379.0,9527859.0,100.0,6.0,1724.86
2020-04-03,506.0,0.0,131.0,121,59.0,2763.99,10.0,0.0,2.7,270.0,53.8,1010.5,0.0,32.0,56.0,4868686.0,4982909.0,9851595.0,70.0,10.0,1725.44
2020-04-04,528.0,0.0,144.0,111,100.0,,8.9,0.0,3.4,290.0,36.4,1008.6,0.0,28.0,68.0,4284479.0,4428391.0,8712870.0,62.0,4.0,
2020-04-05,552.0,0.0,145.0,100,88.0,,7.2,0.0,2.8,270.0,29.5,1011.8,0.0,21.0,46.0,3442641.0,3519559.0,6962200.0,48.0,3.0,
2020-04-06,563.0,0.0,151.0,96,56.0,,9.3,0.0,2.4,290.0,38.3,1010.0,0.0,21.0,53.0,4568710.0,4753637.0,9322347.0,67.0,2.0,1791.88
2020-04-07,567.0,0.0,164.0,94,74.0,2820.76,10.6,0.0,2.5,270.0,56.6,1005.3,0.0,25.0,56.0,4769200.0,4857673.0,9626873.0,56.0,0.0,1823.6
2020-04-08,578.0,2.0,169.0,128,96.0,2815.37,9.4,0.0,3.5,290.0,25.5,1007.8,0.0,18.0,43.0,4803982.0,4846019.0,9650001.0,86.0,2.0,1807.14
2020-04-09,590.0,2.0,174.0,154,51.0,2825.9,8.9,0.0,2.8,270.0,44.6,1011.5,0.0,23.0,47.0,4922496.0,4942261.0,9864757.0,86.0,2.0,1836.21
2020-04-10,595.0,2.0,185.0,108,51.0,2796.63,10.7,0.0,2.4,290.0,52.6,1014.0,0.0,25.0,43.0,5029912.0,5092621.0,10122533.0,55.0,1.0,1860.7
2020-04-11,599.0,2.0,195.0,119,61.0,,9.9,0.0,2.5,290.0,63.8,1009.1,0.0,22.0,38.0,4477295.0,4521244.0,8998539.0,79.0,3.0,
2020-04-12,602.0,2.0,202.0,121,65.0,,9.9,0.0,3.8,90.0,58.6,1004.4,0.0,20.0,31.0,3615598.0,3577892.0,7193490.0,93.0,0.0,
2020-04-13,610.0,2.0,214.0,93,69.0,2783.05,12.4,0.0,3.1,70.0,39.4,1003.9,0.0,11.0,22.0,4752157.0,4769971.0,9522128.0,112.0,2.0,1825.76
2020-04-14,612.0,2.0,228.0,83,56.0,2827.28,13.0,0.0,2.4,290.0,46.8,1006.3,0.0,28.0,50.0,4917286.0,4914973.0,9832259.0,94.0,0.0,1857.08
2020-04-15,617.0,2.0,239.0,91,52.0,2811.17,13.2,0.0,2.2,290.0,39.8,1004.6,0.0,36.0,62.0,3899516.0,3876630.0,7776146.0,49.0,1.0,
2020-04-16,619.0,2.0,250.0,87,76.0,2819.94,16.0,0.0,2.3,90.0,39.9,1006.1,0.0,29.0,51.0,4698994.0,4732960.0,9431954.0,50.0,0.0,1857.07
2020-04-17,621.0,2.0,268.0,105,71.0,2838.49,12.5,6.5,2.4,110.0,77.8,1002.2,0.0,22.0,38.0,4737089.0,4756936.0,9494025.0,352.0,1290.0,1914.53
2020-04-18,622.0,2.0,274.0,108,75.0,,13.5,0.0,2.6,320.0,67.9,1005.9,0.0,13.0,26.0,4438136.0,4473885.0,8912021.0,31.0,0.0,
2020-04-19,624.0,2.0,288.0,146,62.0,,12.3,10.3,2.7,90.0,75.8,1004.1,0.0,16.0,25.0,3485106.0,3431378.0,6916484.0,18.0,0.0,
2020-04-20,624.0,2.0,304.0,152,,2852.55,10.0,0.1,3.3,250.0,73.0,1000.6,0.0,8.0,14.0,4656159.0,4699938.0,9356097.0,14.0,0.0,1898.36
2020-04-21,626.0,2.0,315.0,,,2827.01,7.4,0.0,4.4,290.0,49.0,1003.8,0.0,9.0,35.0,4825517.0,4856983.0,9682500.0,32.0,0.0,1879.38
2020-04-22,628.0,2.0,322.0,,,2843.98,6.0,0.0,4.0,290.0,46.8,1005.9,0.0,10.0,79.0,4803515.0,4831521.0,9635036.0,15.0,0.0,1896.15
2020-04-23,628.0,2.0,342.0,,,2838.5,7.9,0.0,3.7,290.0,47.8,1005.6,0.0,13.0,43.0,4936777.0,4968822.0,9905599.0,12.0,0.0,1914.73
2020-04-24,628.0,2.0,362.0,,,2808.53,9.9,0.0,3.9,270.0,55.6,1003.1,0.0,13.0,39.0,5095987.0,5117565.0,10213552.0,8.0,0.0,1889.01
2020-04-25,629.0,2.0,383.0,,69.0,,13.1,0.0,3.9,250.0,54.4,999.3,0.0,23.0,58.0,4622912.0,4653788.0,9276700.0,15.0,0.0,
2020-04-26,629.0,2.0,388.0,61,51.0,,12.3,0.0,3.2,290.0,43.1,1006.9,0.0,14.0,30.0,3849196.0,3810434.0,7659630.0,10.0,0.0,
2020-04-27,629.0,2.0,393.0,60,53.0,2815.49,12.9,0.0,2.8,320.0,49.8,1009.3,0.0,17.0,33.0,4829237.0,4886290.0,9715527.0,3.0,1.0,1922.77
2020-04-28,633.0,2.0,427.0,69,57.0,2810.02,13.9,0.0,3.0,250.0,50.0,1009.4,0.0,19.0,36.0,4986053.0,5096943.0,10082996.0,26.0,0.0,1934.09
2020-04-29,633.0,2.0,437.0,79,63.0,2822.44,14.9,0.0,2.6,290.0,48.6,1009.0,0.0,25.0,44.0,5006534.0,5200677.0,10207211.0,2.0,0.0,1947.56
2020-04-30,633.0,2.0,453.0,107,61.0,2860.08,17.1,0.0,2.7,250.0,57.1,1005.7,0.0,19.0,35.0,4342337.0,4442303.0,8784640.0,4.0,0.0,
2020-05-01,634.0,2.0,455.0,108,54.0,,20.2,0.0,2.7,270.0,73.6,1003.0,0.0,31.0,51.0,4217493.0,4239872.0,8457365.0,12.0,0.0,
2020-05-02,635.0,2.0,463.0,99,56.0,,20.3,0.0,2.3,290.0,79.6,1001.3,0.0,29.0,48.0,4276176.0,4284724.0,8560900.0,3.0,0.0,
2020-05-03,637.0,2.0,473.0,107,77.0,,21.8,0.0,2.0,90.0,68.8,996.0,0.0,18.0,28.0,3883742.0,3791320.0,7675062.0,2.0,0.0,
2020-05-04,637.0,2.0,481.0,151,51.0,,20.2,0.0,2.7,290.0,63.9,998.1,0.0,17.0,35.0,4863557.0,4861103.0,9724660.0,3.0,0.0,1895.37
2020-05-05,637.0,2.0,489.0,78,31.0,,16.0,0.0,1.9,290.0,67.9,1001.5,0.0,19.0,36.0,4040994.0,4065003.0,8105997.0,2.0,0.0,
2020-05-06,637.0,2.0,494.0,65,59.0,2878.14,19.4,0.0,2.1,70.0,50.0,1003.7,0.0,16.0,32.0,4901959.0,4990151.0,9892110.0,2.0,0.0,1928.76
2020-05-07,637.0,2.0,508.0,131,38.0,2871.52,20.7,0.0,2.5,90.0,32.5,1007.1,0.0,11.0,28.0,5054233.0,5149860.0,10204093.0,2.0,0.0,1928.61
2020-05-08,637.0,2.0,520.0,86,14.0,2895.34,19.9,2.3,2.4,160.0,32.8,1004.4,0.0,12.0,26.0,5105512.0,5198000.0,10303512.0,6.0,0.0,1945.82
2020-05-09,649.0,2.0,536.0,58,24.0,,14.2,24.4,3.6,90.0,94.4,994.8,0.0,9.0,14.0,4360035.0,4422020.0,8782055.0,0.0,0.0,
2020-05-10,663.0,2.0,541.0,80,51.0,,14.4,1.3,2.5,250.0,88.6,997.0,0.0,20.0,29.0,3857446.0,3883990.0,7741436.0,15.0,0.0,
2020-05-11,683.0,2.0,545.0,96,47.0,2894.8,16.5,3.4,3.0,250.0,61.0,997.7,0.0,29.0,106.0,4788851.0,4948824.0,9737675.0,19.0,0.0,1935.4
2020-05-12,695.0,2.0,554.0,66,65.0,2891.56,14.3,0.7,2.9,250.0,69.4,995.1,0.0,15.0,40.0,4949574.0,5054852.0,10004426.0,1.0,0.0,1922.17
2020-05-13,707.0,3.0,558.0,55,115.0,2898.05,16.1,0.0,2.8,270.0,47.3,1005.1,0.0,10.0,30.0,5005847.0,5094649.0,10100496.0,7.0,0.0,1940.42
2020-05-14,711.0,4.0,564.0,98,79.0,2870.34,19.3,0.0,2.0,90.0,35.4,1006.0,0.0,13.0,40.0,5054984.0,5115970.0,10170954.0,6.0,0.0,1924.96
2020-05-15,725.0,4.0,569.0,132,87.0,2868.46,16.1,12.0,3.0,90.0,81.4,998.8,0.0,12.0,32.0,4778827.0,4784206.0,9563033.0,5.0,0.0,1927.28
2020-05-16,730.0,4.0,574.0,168,72.0,,16.7,2.5,1.6,290.0,90.3,996.6,0.0,14.0,22.0,4592740.0,4633295.0,9226035.0,9.0,0.0,
2020-05-17,735.0,4.0,575.0,122,115.0,,19.1,0.0,1.7,320.0,80.1,995.3,0.0,28.0,41.0,3911750.0,3860305.0,7772055.0,6.0,1.0,
2020-05-18,736.0,4.0,579.0,134,66.0,2875.42,19.1,29.8,2.4,140.0,79.4,988.4,0.0,29.0,44.0,4766350.0,4849139.0,9615489.0,10.0,0.0,1937.11
2020-05-19,742.0,4.0,587.0,69,58.0,2898.58,13.0,19.0,3.2,50.0,73.6,990.7,0.0,7.0,15.0,4700133.0,4927725.0,9627858.0,9.0,0.0,1980.61
2020-05-20,752.0,4.0,592.0,61,61.0,2883.74,14.4,0.0,1.9,90.0,60.4,1001.7,0.0,3.0,7.0,5052214.0,5130500.0,10182714.0,2.0,0.0,1989.64
2020-05-21,756.0,4.0,596.0,91,66.0,2867.92,17.4,0.0,2.1,90.0,56.1,1004.4,0.0,10.0,20.0,5098994.0,5106091.0,10205085.0,2.0,0.0,1998.31
2020-05-22,758.0,4.0,599.0,96,57.0,2813.77,18.5,0.0,1.9,290.0,68.5,1002.7,0.0,27.0,41.0,5214069.0,5212187.0,10426256.0,12.0,0.0,1970.13
2020-05-23,762.0,4.0,604.0,68,62.0,,20.1,0.0,2.2,290.0,66.1,1001.1,0.0,32.0,47.0,4831353.0,4863406.0,9694759.0,2.0,0.0,
2020-05-24,768.0,4.0,604.0,103,41.0,,17.1,14.5,2.9,230.0,84.8,999.6,0.0,18.0,25.0,3930706.0,3879262.0,7809968.0,3.0,0.0,
2020-05-25,774.0,4.0,607.0,54,63.0,2817.97,16.6,0.0,2.1,320.0,81.0,1002.3,0.0,24.0,35.0,4929723.0,4985088.0,9914811.0,11.0,0.0,1994.6
2020-05-26,783.0,4.0,614.0,76,34.0,2846.55,16.2,1.5,2.1,290.0,81.9,999.4,0.0,26.0,38.0,4891670.0,5037855.0,9929525.0,7.0,0.0,2029.78
2020-05-27,802.0,4.0,618.0,70,33.0,2836.8,17.4,0.0,2.6,320.0,68.5,999.3,0.0,13.0,22.0,5043299.0,5082888.0,10126187.0,1.0,0.0,2031.2
2020-05-28,826.0,4.0,621.0,58,39.0,2846.22,18.7,0.0,1.9,320.0,62.8,999.6,0.0,19.0,29.0,5085563.0,5163382.0,10248945.0,3.0,0.0,2028.54
2020-05-29,846.0,4.0,623.0,39,61.0,2852.35,20.7,0.0,2.0,290.0,65.6,1004.9,0.0,21.0,34.0,5151865.0,5193139.0,10345004.0,0.0,0.0,2029.6
2020-05-30,855.0,4.0,627.0,75,42.0,,22.6,0.0,1.9,290.0,57.3,1006.1,0.0,26.0,39.0,4717027.0,4744797.0,9461824.0,17.0,0.0,
2020-05-31,861.0,4.0,627.0,66,46.0,,21.2,1.0,2.3,320.0,63.0,1001.4,0.0,29.0,40.0,3953921.0,3874164.0,7828085.0,5.0,0.0,
2020-06-01,862.0,4.0,627.0,91,48.0,2915.43,19.7,0.4,3.4,290.0,64.3,999.7,0.0,9.0,19.0,4830531.0,4895757.0,9726288.0,19.0,0.0,2065.08
2020-06-02,876.0,4.0,638.0,80,94.0,2921.4,17.9,2.0,2.2,290.0,71.0,997.4,0.0,13.0,24.0,4919648.0,4903892.0,9823540.0,7.0,0.0,2087.19
2020-06-03,895.0,4.0,639.0,117,109.0,2923.37,22.0,0.0,2.4,290.0,73.3,993.9,0.0,23.0,46.0,4907818.0,4947256.0,9855074.0,5.0,0.0,2147.0
2020-06-04,909.0,4.0,644.0,104,88.0,2919.25,21.9,0.2,2.7,250.0,81.1,994.1,0.0,23.0,49.0,4905252.0,5003724.0,9908976.0,1.0,0.0,2151.18
2020-06-05,924.0,4.0,645.0,105,112.0,2930.8,23.0,0.0,1.8,290.0,69.4,997.2,0.0,23.0,46.0,5066412.0,5133329.0,10199741.0,11.0,0.0,2181.87
2020-06-06,947.0,4.0,650.0,162,106.0,,24.6,0.0,2.0,290.0,63.6,998.1,0.0,32.0,55.0,4461743.0,4520706.0,8982449.0,6.0,0.0,
2020-06-07,974.0,4.0,651.0,154,71.0,,22.7,0.0,2.3,290.0,69.4,1001.9,0.0,27.0,49.0,3875898.0,3818299.0,7694197.0,9.0,0.0,
2020-06-08,996.0,4.0,651.0,84,74.0,2937.77,25.0,0.0,2.1,290.0,63.6,1004.6,0.0,22.0,42.0,4759974.0,4871151.0,9631125.0,5.0,0.0,2184.29
2020-06-09,1015.0,4.0,664.0,98,64.0,2956.11,26.7,0.0,2.3,320.0,51.6,1004.3,0.0,23.0,48.0,4829679.0,4945184.0,9774863.0,3.0,0.0,2188.92
2020-06-10,1027.0,4.0,665.0,102,64.0,2943.75,25.8,6.2,2.0,290.0,63.8,998.9,0.0,23.0,44.0,4783449.0,4896714.0,9680163.0,4.0,0.0,2195.69
2020-06-11,1048.0,4.0,675.0,124,62.0,2920.9,26.1,0.0,2.2,290.0,68.3,993.7,0.0,17.0,29.0,4910366.0,4957394.0,9867760.0,11.0,0.0,2176.78
2020-06-12,1073.0,4.0,680.0,105,53.0,2919.74,24.7,0.0,1.7,290.0,68.6,995.1,0.0,20.0,43.0,5073106.0,5134794.0,10207900.0,7.0,0.0,2132.3
2020-06-13,1101.0,4.0,688.0,85,49.0,,26.9,0.0,1.9,290.0,52.8,994.3,0.0,25.0,50.0,4657717.0,4762643.0,9420360.0,12.0,0.0,
2020-06-14,1113.0,4.0,689.0,99,59.0,,24.0,1.1,2.9,270.0,70.6,994.3,0.0,22.0,38.0,3922216.0,3836722.0,7758938.0,60.0,0.0,
2020-06-15,1120.0,4.0,689.0,83,84.0,2890.03,23.0,0.0,2.8,270.0,62.3,996.4,0.0,13.0,27.0,4856320.0,4838364.0,9694684.0,47.0,0.0,2030.82
2020-06-16,1132.0,4.0,703.0,77,84.0,2931.75,24.4,0.0,2.2,290.0,63.0,995.7,0.0,36.0,54.0,4833127.0,4881284.0,9714411.0,43.0,0.0,2138.05
2020-06-17,1145.0,5.0,710.0,143,45.0,2935.87,24.3,0.0,2.0,290.0,58.6,995.3,0.0,32.0,50.0,4758091.0,4859676.0,9617767.0,44.0,0.0,2141.05
2020-06-18,1170.0,6.0,718.0,121,,2939.32,23.4,0.0,1.6,320.0,61.4,993.1,0.0,21.0,34.0,4888120.0,4969406.0,9857526.0,36.0,0.0,2133.48
2020-06-19,1188.0,6.0,724.0,,,2967.63,24.7,0.1,2.1,70.0,61.4,996.4,0.0,15.0,24.0,5080946.0,5124310.0,10205256.0,36.0,0.0,2141.32
2020-06-20,1202.0,6.0,730.0,,,,24.9,0.0,2.1,290.0,62.6,1000.0,0.0,23.0,37.0,4669853.0,4721709.0,9391562.0,30.0,0.0,
2020-06-21,1219.0,6.0,733.0,,,,26.1,0.0,2.0,320.0,59.5,998.0,0.0,22.0,34.0,3931588.0,3864735.0,7796323.0,29.0,1.0,
2020-06-22,1224.0,6.0,733.0,,37.0,2965.27,28.6,0.0,2.0,290.0,50.5,998.0,0.0,22.0,39.0,4824550.0,4800587.0,9625137.0,19.0,0.0,2126.73
2020-06-23,1230.0,6.0,743.0,70,29.0,2970.62,27.3,0.0,1.9,270.0,53.5,998.3,0.0,24.0,41.0,4993856.0,4965843.0,9959699.0,52.0,0.0,2131.24
2020-06-24,1241.0,6.0,747.0,71,33.0,2979.55,22.3,37.6,2.7,50.0,83.5,993.1,0.0,21.0,32.0,4785014.0,4748281.0,9533295.0,29.0,1.0,2161.51
2020-06-25,1250.0,7.0,761.0,79,40.0,,21.6,13.3,2.2,180.0,91.0,991.8,0.0,7.0,13.0,4877845.0,4757239.0,9635084.0,20.0,0.0,2112.37
2020-06-26,1267.0,7.0,843.0,102,38.0,,21.8,2.1,3.2,230.0,82.1,996.5,0.0,13.0,20.0,5145142.0,4970671.0,10115813.0,28.0,1.0,2134.65
2020-06-27,1284.0,7.0,911.0,101,56.0,,24.1,0.0,2.0,250.0,70.4,995.5,0.0,16.0,25.0,4790242.0,4675680.0,9465922.0,24.0,0.0,
2020-06-28,1298.0,7.0,923.0,119,66.0,,25.2,0.0,2.4,270.0,70.5,994.8,0.0,19.0,28.0,4071018.0,3952199.0,8023217.0,18.0,0.0,
2020-06-29,1305.0,7.0,942.0,136,58.0,2961.52,23.8,11.9,2.4,50.0,77.0,991.8,0.0,24.0,35.0,4809187.0,4780745.0,9589932.0,14.0,0.0,2093.48
2020-06-30,1312.0,7.0,985.0,149,39.0,2984.67,20.1,64.7,4.0,320.0,83.0,984.3,0.0,5.0,8.0,4672742.0,4575970.0,9248712.0,23.0,0.0,2108.33
2020-07-01,1321.0,7.0,1026.0,92,33.0,3025.98,21.1,0.0,1.9,270.0,79.3,995.0,0.0,12.0,20.0,4710163.0,4888163.0,9598326.0,5.0,0.0,2106.7
2020-07-02,1334.0,7.0,1054.0,64,30.0,3090.57,24.2,0.0,1.9,110.0,74.5,1000.9,0.0,37.0,52.0,4906926.0,5033892.0,9940818.0,31.0,0.0,2135.37
2020-07-03,1346.0,7.0,1085.0,74,25.0,3152.81,25.5,0.1,2.6,50.0,63.5,1000.5,0.0,27.0,39.0,5052385.0,5130121.0,10182506.0,14.0,0.0,2152.41
2020-07-04,1353.0,8.0,1103.0,64,35.0,,24.2,1.6,2.1,270.0,63.9,997.0,0.0,15.0,23.0,4686412.0,4779411.0,9465823.0,9.0,0.0,
2020-07-05,1369.0,8.0,1105.0,80,47.0,,23.8,0.0,1.9,250.0,68.6,994.5,0.0,22.0,28.0,3987729.0,3983470.0,7971199.0,18.0,0.0,
2020-07-06,1372.0,8.0,1110.0,101,61.0,3332.88,25.6,0.0,2.1,270.0,66.6,991.2,0.0,17.0,25.0,4793475.0,4945687.0,9739162.0,14.0,0.0,2187.93
2020-07-07,1375.0,8.0,1144.0,134,56.0,3345.34,24.1,0.0,2.5,270.0,75.5,994.3,0.0,11.0,18.0,4824907.0,5058921.0,9883828.0,25.0,0.0,2164.17
2020-07-08,1385.0,8.0,1160.0,125,52.0,3403.44,25.5,0.0,2.0,270.0,71.9,994.8,0.0,19.0,30.0,4866810.0,5076377.0,9943187.0,21.0,0.0,2158.88
2020-07-09,1393.0,9.0,1171.0,97,43.0,3450.59,27.5,0.0,1.7,110.0,64.6,994.0,0.0,26.0,38.0,4919323.0,5040732.0,9960055.0,33.0,0.0,2167.9
2020-07-10,1401.0,9.0,1182.0,96,56.0,3383.32,24.5,2.2,2.8,50.0,75.0,992.6,0.0,11.0,17.0,4942133.0,5057202.0,9999335.0,46.0,0.0,2150.25
2020-07-11,1409.0,9.0,1198.0,127,69.0,,25.8,0.0,2.6,50.0,62.6,997.5,0.0,4.0,8.0,4716015.0,4791627.0,9507642.0,40.0,0.0,
2020-07-12,1416.0,9.0,1209.0,155,16.0,,23.5,2.9,2.4,70.0,71.9,999.3,0.0,8.0,12.0,3924149.0,3777221.0,7701370.0,35.0,0.0,
2020-07-13,1429.0,9.0,1217.0,44,23.0,3443.29,18.7,47.6,4.0,70.0,94.8,993.0,0.0,4.0,8.0,4435892.0,4403015.0,8838907.0,46.0,0.0,2186.06
2020-07-14,1436.0,9.0,1244.0,62,33.0,3414.62,20.3,11.5,2.8,50.0,79.4,993.9,0.0,2.0,6.0,4833598.0,4809374.0,9642972.0,55.0,1.0,2183.61
2020-07-15,1442.0,9.0,1275.0,62,52.0,3361.3,23.4,0.0,2.0,50.0,63.1,995.5,0.0,4.0,11.0,4888780.0,4951100.0,9839880.0,54.0,0.0,2201.88
2020-07-16,1449.0,9.0,1286.0,106,51.0,3210.1,25.0,0.0,1.8,270.0,70.9,997.0,0.0,16.0,28.0,4886992.0,4993686.0,9880678.0,20.0,2.0,2183.76
2020-07-17,1458.0,9.0,1300.0,110,53.0,3214.13,26.0,0.0,1.9,250.0,72.0,998.3,0.0,22.0,37.0,5080908.0,5092373.0,10173281.0,77.0,0.0,2201.19
2020-07-18,1464.0,9.0,1318.0,121,53.0,,26.1,0.0,1.6,270.0,71.6,998.4,0.0,28.0,42.0,4748247.0,4739526.0,9487773.0,80.0,1.0,
2020-07-19,1474.0,10.0,1320.0,112,28.0,,24.0,29.1,2.7,50.0,81.6,994.9,0.0,15.0,21.0,3749857.0,3527164.0,7277021.0,80.0,1.0,
2020-07-20,1477.0,10.0,1322.0,62,38.0,3314.15,23.8,3.6,3.7,200.0,86.3,995.9,0.0,10.0,18.0,4660514.0,4503730.0,9164244.0,130.0,0.0,2198.2
2020-07-21,1498.0,10.0,1340.0,74,37.0,3320.89,25.0,0.0,1.6,270.0,77.0,1001.8,0.0,20.0,28.0,4931744.0,4811038.0,9742782.0,84.0,0.0,2228.83
2020-07-22,1514.0,11.0,1346.0,78,39.0,3333.16,23.7,11.5,1.6,50.0,89.3,999.9,0.0,16.0,24.0,4793882.0,4624892.0,9418774.0,74.0,2.0,2228.66
2020-07-23,1526.0,11.0,1361.0,99,29.0,3325.11,21.1,103.1,3.6,50.0,95.5,995.7,0.0,11.0,18.0,4712616.0,4603286.0,9315902.0,135.0,0.0,2216.19
2020-07-24,1547.0,11.0,1368.0,66,45.0,3196.77,22.5,2.9,4.6,50.0,74.3,989.3,0.0,2.0,5.0,5006481.0,4907661.0,9914142.0,139.0,1.0,2200.44
2020-07-25,1558.0,11.0,1381.0,69,63.0,,24.3,0.0,3.1,50.0,69.3,993.6,0.0,2.0,5.0,4750965.0,4647539.0,9398504.0,157.0,1.0,
2020-07-26,1565.0,11.0,1383.0,88,34.0,,25.4,0.0,2.0,50.0,69.3,997.4,0.0,4.0,9.0,4088297.0,3922140.0,8010437.0,179.0,2.0,
2020-07-27,1574.0,11.0,1384.0,84,53.0,3205.23,24.3,2.2,2.2,50.0,86.4,998.6,0.0,7.0,14.0,4758615.0,4545105.0,9303720.0,189.0,0.0,2217.86
2020-07-28,1580.0,11.0,1400.0,112,57.0,3227.96,24.4,0.4,2.0,50.0,84.8,1000.5,0.0,6.0,13.0,4878209.0,4691061.0,9569270.0,213.0,4.0,2256.99
2020-07-29,1589.0,11.0,1410.0,127,53.0,3294.55,23.7,50.1,2.0,50.0,95.8,1002.0,0.0,6.0,11.0,4806353.0,4631222.0,9437575.0,207.0,1.0,2263.16
2020-07-30,1592.0,11.0,1417.0,114,44.0,3286.82,25.3,0.1,2.1,230.0,85.5,1003.4,0.0,13.0,20.0,4930378.0,4780528.0,9710906.0,223.0,2.0,2267.01
2020-07-31,1600.0,11.0,1424.0,98,18.0,3310.01,26.2,1.5,2.0,250.0,81.9,1003.9,0.0,16.0,25.0,5051865.0,4931254.0,9983119.0,276.0,0.0,2249.37
2020-08-01,1602.0,11.0,1434.0,50,34.0,,25.3,39.1,1.7,230.0,90.9,1000.5,0.0,8.0,15.0,4293402.0,4360504.0,8653906.0,166.0,2.0,
2020-08-02,1607.0,11.0,1442.0,77,21.0,,24.9,31.4,2.3,180.0,96.3,997.8,0.0,6.0,12.0,3455541.0,3407598.0,6863139.0,172.0,6.0,
2020-08-03,1612.0,11.0,1449.0,68,31.0,3367.97,25.0,102.6,3.0,200.0,96.3,998.4,0.0,10.0,16.0,4116748.0,4165053.0,8281801.0,158.0,2.0,2251.04
2020-08-04,1621.0,11.0,1463.0,72,19.0,3371.69,27.0,3.9,3.5,200.0,89.3,1000.9,0.0,26.0,38.0,4483545.0,4441546.0,8925091.0,114.0,3.0,2279.97
2020-08-05,1627.0,12.0,1475.0,44,43.0,3377.56,26.5,18.5,1.9,50.0,92.1,1000.8,0.0,24.0,36.0,4476144.0,4520461.0,8996605.0,107.0,4.0,2311.86
2020-08-06,1636.0,12.0,1488.0,96,26.0,3386.46,24.1,75.7,3.3,200.0,92.8,995.4,0.0,8.0,15.0,4063723.0,4126326.0,8190049.0,122.0,1.0,2342.61
2020-08-07,1645.0,13.0,1502.0,78,18.0,3354.04,24.3,0.0,1.8,50.0,85.3,996.9,0.0,18.0,28.0,4567557.0,4673561.0,9241118.0,132.0,3.0,2351.67
2020-08-08,1662.0,13.0,1514.0,60,43.0,,24.2,19.1,2.3,70.0,89.5,993.2,0.0,7.0,14.0,4255161.0,4329743.0,8584904.0,120.0,1.0,
2020-08-09,1675.0,13.0,1515.0,109,64.0,,24.9,50.3,2.6,200.0,95.4,992.5,0.0,5.0,10.0,3056490.0,3060106.0,6116596.0,92.0,0.0,
2020-08-10,1688.0,13.0,1516.0,138,65.0,3379.25,26.5,44.6,2.0,200.0,91.6,993.8,0.0,6.0,13.0,4303769.0,4391150.0,8694919.0,121.0,5.0,2386.38
2020-08-11,1694.0,13.0,1534.0,140,64.0,3340.29,24.6,97.0,2.2,200.0,92.5,999.6,0.0,6.0,9.0,4446782.0,4468567.0,8915349.0,113.0,4.0,2418.67
2020-08-12,1709.0,13.0,1549.0,137,43.0,3319.27,27.2,0.0,1.9,50.0,83.9,1002.7,0.0,13.0,23.0,4816788.0,4772372.0,9589160.0,58.0,3.0,2432.35
2020-08-13,1735.0,13.0,1556.0,105,19.0,3320.73,28.0,0.0,2.5,200.0,82.4,999.3,0.0,13.0,26.0,4950047.0,4951046.0,9901093.0,81.0,4.0,2437.53
2020-08-14,1767.0,13.0,1564.0,61,25.0,3360.1,27.1,0.4,3.5,200.0,86.1,995.8,0.0,19.0,33.0,5012727.0,4964735.0,9977462.0,99.0,3.0,2407.49
2020-08-15,1841.0,13.0,1571.0,71,23.0,,26.1,69.0,1.9,200.0,96.0,998.7,0.0,27.0,37.0,4148330.0,4157554.0,8305884.0,70.0,1.0,
2020-08-16,1987.0,13.0,1571.0,55,38.0,,27.4,0.0,3.0,200.0,82.6,1001.0,0.0,14.0,23.0,3892117.0,3809533.0,7701650.0,65.0,2.0,
2020-08-17,2077.0,13.0,1571.0,102,40.0,3438.8,28.2,0.0,2.3,200.0,77.9,1003.7,0.0,17.0,25.0,4298669.0,4173438.0,8472107.0,96.0,0.0,
2020-08-18,2209.0,14.0,1573.0,95,36.0,3451.09,27.5,0.0,1.6,270.0,76.3,1003.2,0.0,23.0,34.0,4832866.0,4735432.0,9568298.0,66.0,0.0,2348.24
2020-08-19,2360.0,14.0,1588.0,81,29.0,3408.13,27.1,0.0,2.0,270.0,76.8,1001.7,0.0,30.0,43.0,4812274.0,4795552.0,9607826.0,53.0,2.0,2360.54
2020-08-20,2495.0,15.0,1601.0,69,16.0,3363.9,27.7,0.0,1.7,250.0,76.0,1002.4,0.0,27.0,37.0,4774384.0,4781385.0,9555769.0,33.0,1.0,2274.22
2020-08-21,2621.0,16.0,1622.0,55,36.0,3380.68,26.6,2.5,1.6,50.0,83.1,1003.9,0.0,20.0,29.0,4714858.0,4757325.0,9472183.0,40.0,3.0,2304.59
2020-08-22,2749.0,16.0,1639.0,63,51.0,,24.3,42.6,2.1,50.0,87.4,1002.5,0.0,10.0,17.0,3950877.0,3867629.0,7818506.0,49.0,2.0,
2020-08-23,2889.0,16.0,1639.0,87,50.0,,25.3,0.0,1.9,270.0,78.4,998.7,0.0,8.0,13.0,3187638.0,3130769.0,6318407.0,38.0,0.0,
2020-08-24,2986.0,16.0,1639.0,114,27.0,3385.64,27.8,0.0,2.2,50.0,71.6,995.2,0.0,15.0,23.0,4336404.0,4418320.0,8754724.0,41.0,0.0,2329.83
2020-08-25,3120.0,16.0,1671.0,77,28.0,3373.58,29.9,0.0,2.1,200.0,69.5,995.0,0.0,24.0,32.0,4498490.0,4503832.0,9002322.0,23.0,0.0,2366.73
2020-08-26,3232.0,17.0,1699.0,60,41.0,3329.74,30.2,0.6,3.4,70.0,68.3,992.2,0.0,17.0,24.0,4483645.0,4364534.0,8848179.0,34.0,1.0,2369.32
2020-08-27,3386.0,17.0,1733.0,94,31.0,3350.11,27.1,8.7,3.6,110.0,84.6,991.3,0.0,12.0,20.0,4058447.0,4010306.0,8068753.0,32.0,1.0,2344.45
2020-08-28,3532.0,19.0,1762.0,65,52.0,3403.81,27.3,13.6,1.6,270.0,89.1,997.3,0.0,16.0,23.0,4538965.0,4590231.0,9129196.0,30.0,2.0,2353.8
2020-08-29,3657.0,20.0,1887.0,88,64.0,,26.8,13.6,1.3,50.0,90.1,999.2,0.0,10.0,16.0,3989802.0,4079157.0,8068959.0,22.0,3.0,
2020-08-30,3773.0,22.0,1888.0,119,68.0,,26.8,42.5,2.1,200.0,88.8,1001.6,0.0,9.0,14.0,3205594.0,3193146.0,6398740.0,27.0,3.0,
2020-08-31,3867.0,23.0,1899.0,130,61.0,3395.68,26.4,0.0,2.8,50.0,77.9,1002.4,0.0,3.0,10.0,4466715.0,4452443.0,8919158.0,32.0,1.0,2326.17
2020-09-01,3961.0,23.0,2001.0,116,36.0,3410.61,26.6,0.0,1.9,110.0,72.4,999.4,0.0,8.0,17.0,4432156.0,4556028.0,8988184.0,19.0,1.0,2349.55
2020-09-02,4062.0,24.0,2048.0,61,49.0,3404.8,24.3,33.3,2.3,50.0,91.3,993.7,0.0,8.0,14.0,4167586.0,4259078.0,8426664.0,20.0,1.0,2364.27
2020-09-03,4131.0,24.0,2111.0,65,35.0,3384.98,22.7,29.8,4.8,200.0,82.0,987.3,0.0,5.0,12.0,4243288.0,4203136.0,8446424.0,19.0,3.0,2395.9
2020-09-04,4201.0,24.0,2176.0,59,41.0,3355.37,23.3,0.0,2.7,200.0,63.9,1002.2,0.0,11.0,22.0,4571898.0,4575890.0,9147788.0,33.0,1.0,2368.25
2020-09-05,4251.0,25.0,2220.0,54,48.0,,23.3,0.0,2.0,50.0,66.6,1003.5,0.0,19.0,31.0,4036721.0,4041977.0,8078698.0,22.0,0.0,
2020-09-06,4314.0,26.0,2225.0,65,56.0,,21.7,6.4,2.7,50.0,80.0,999.3,0.0,15.0,22.0,3158797.0,3142039.0,6300836.0,17.0,0.0,
2020-09-07,4362.0,28.0,2266.0,71,85.0,3292.59,19.2,61.0,4.2,50.0,93.5,983.1,0.0,3.0,6.0,3953470.0,4033282.0,7986752.0,33.0,2.0,2384.22
2020-09-08,4429.0,32.0,2437.0,122,24.0,3316.42,23.4,0.0,4.2,230.0,71.5,998.7,0.0,11.0,23.0,4410330.0,4502722.0,8913052.0,21.0,2.0,2401.91
2020-09-09,4478.0,32.0,2643.0,60,58.0,3254.63,21.1,1.3,2.1,180.0,83.4,999.9,0.0,18.0,27.0,4320771.0,4560069.0,8880840.0,8.0,1.0,2375.81
2020-09-10,4526.0,32.0,2762.0,87,49.0,3234.82,22.8,3.9,2.0,50.0,75.8,999.1,0.0,17.0,25.0,4477894.0,4613921.0,9091815.0,13.0,0.0,2396.48
2020-09-11,4589.0,34.0,2837.0,89,25.0,3260.35,22.4,1.2,2.8,50.0,72.6,1004.5,0.0,17.0,26.0,4483808.0,4614495.0,9098303.0,27.0,0.0,2396.69
2020-09-12,4639.0,35.0,3071.0,49,42.0,,20.2,5.7,2.0,50.0,83.8,0.0,0.0,6.0,10.0,3950850.0,4076612.0,8027462.0,18.0,0.0,
2020-09-13,4670.0,38.0,3112.0,87,47.0,,21.5,0.0,1.9,50.0,70.4,1005.7,0.0,3.0,7.0,3425890.0,3470274.0,6896164.0,23.0,1.0,
2020-09-14,4711.0,40.0,3276.0,103,50.0,3278.81,21.3,0.0,1.8,270.0,79.3,1004.4,0.0,13.0,22.0,4387736.0,4542568.0,8930304.0,29.0,0.0,2427.91
2020-09-15,4743.0,42.0,3493.0,123,36.0,3295.68,23.0,0.0,1.6,50.0,76.4,1002.6,0.0,23.0,34.0,4541796.0,4707371.0,9249167.0,22.0,1.0,2443.58
2020-09-16,4794.0,42.0,3694.0,83,49.0,3283.92,22.5,0.3,1.9,180.0,79.9,999.6,0.0,17.0,25.0,4531822.0,4704240.0,9236062.0,24.0,1.0,2435.92
2020-09-17,4857.0,43.0,3748.0,103,44.0,3270.44,21.3,0.0,2.1,270.0,70.3,1000.2,0.0,9.0,22.0,4552787.0,4765532.0,9318319.0,7.0,0.0,2406.17
2020-09-18,4904.0,46.0,3841.0,43,50.0,3338.09,21.5,0.0,2.8,250.0,62.0,1002.7,0.0,7.0,21.0,4564992.0,4758049.0,9323041.0,44.0,0.0,2412.4
2020-09-19,4944.0,46.0,3888.0,60,57.0,,21.2,0.3,2.2,250.0,59.3,1004.9,0.0,9.0,19.0,4171082.0,4395821.0,8566903.0,14.0,1.0,
2020-09-20,4972.0,47.0,3961.0,82,53.0,,19.7,0.0,2.0,290.0,57.6,1007.0,0.0,10.0,18.0,3501621.0,3620622.0,7122243.0,25.0,0.0,
2020-09-21,4995.0,48.0,3985.0,79,70.0,3316.94,19.1,0.0,1.7,50.0,56.1,1008.1,0.0,13.0,23.0,4361800.0,4548561.0,8910361.0,36.0,0.0,2389.39
2020-09-22,5016.0,49.0,4034.0,118,71.0,3274.3,20.2,0.0,2.8,50.0,55.3,1008.7,0.0,8.0,14.0,4474900.0,4662499.0,9137399.0,12.0,0.0,2332.59
2020-09-23,5056.0,49.0,4110.0,136,39.0,3279.71,19.2,0.0,3.3,50.0,59.9,1008.2,0.0,3.0,8.0,4425189.0,4683350.0,9108539.0,18.0,0.0,2333.24
2020-09-24,5095.0,50.0,4173.0,86,51.0,3223.18,20.6,0.0,3.7,50.0,59.6,1005.3,0.0,3.0,9.0,4480199.0,4739840.0,9220039.0,10.0,1.0,2272.7
2020-09-25,5152.0,52.0,4228.0,132,68.0,3219.42,20.1,0.0,2.5,50.0,64.1,1003.7,0.0,5.0,12.0,4523118.0,4832475.0,9355593.0,15.0,0.0,2278.79
2020-09-26,5178.0,53.0,4316.0,154,51.0,,19.3,0.0,2.4,50.0,62.5,1006.7,0.0,6.0,14.0,4200557.0,4515198.0,8715755.0,17.0,1.0,
2020-09-27,5212.0,53.0,4326.0,98,50.0,,20.4,0.0,2.0,50.0,63.3,1008.5,0.0,7.0,13.0,3504501.0,3678740.0,7183241.0,15.0,0.0,
2020-09-28,5231.0,54.0,4330.0,87,51.0,3217.53,20.7,0.0,2.0,50.0,66.0,1006.5,0.0,12.0,22.0,4404621.0,4750336.0,9154957.0,27.0,0.0,2308.08
2020-09-29,5242.0,54.0,4401.0,85,58.0,3224.36,19.6,0.0,1.9,290.0,67.6,1001.6,0.0,17.0,31.0,4481259.0,4788328.0,9269587.0,22.0,0.0,2327.89
2020-09-30,5293.0,56.0,4415.0,105,44.0,3218.05,19.6,38.3,1.7,20.0,78.0,1000.6,0.0,19.0,30.0,3481005.0,3648922.0,7129927.0,23.0,0.0,
2020-10-01,5323.0,57.0,4433.0,78,64.0,,18.8,0.0,2.1,50.0,74.9,1003.4,0.0,10.0,16.0,3400848.0,3479256.0,6880104.0,0.0,0.0,
2020-10-02,5334.0,57.0,4445.0,127,51.0,,19.2,0.0,2.3,180.0,79.6,1004.6,0.0,15.0,23.0,3138178.0,3145411.0,6283589.0,39.0,0.0,
2020-10-03,5360.0,59.0,4456.0,99,52.0,,19.9,0.0,1.6,270.0,72.5,1004.9,0.0,20.0,34.0,3337086.0,3269072.0,6606158.0,17.0,0.0,
2020-10-04,5376.0,60.0,4466.0,69,39.0,,16.6,0.0,2.8,270.0,65.1,1002.7,0.0,14.0,25.0,3202777.0,3196213.0,6398990.0,20.0,0.0,
2020-10-05,5395.0,61.0,4475.0,41,43.0,,13.3,0.0,2.5,270.0,57.3,1007.9,0.0,8.0,22.0,4296602.0,4385104.0,8681706.0,25.0,0.0,2358.0
2020-10-06,5410.0,61.0,4584.0,47,60.0,,14.2,0.0,2.0,290.0,55.9,1012.2,0.0,10.0,21.0,4477894.0,4555243.0,9033137.0,23.0,0.0,2365.9
2020-10-07,5443.0,61.0,4736.0,76,73.0,,16.0,0.0,1.9,50.0,48.9,1015.8,0.0,10.0,21.0,4542710.0,4600231.0,9142941.0,15.0,0.0,2386.94
2020-10-08,5463.0,62.0,4809.0,96,74.0,,17.2,0.0,3.1,50.0,53.0,1016.7,0.0,7.0,14.0,4621969.0,4684350.0,9306319.0,22.0,0.0,2391.96
2020-10-09,5485.0,62.0,4846.0,114,75.0,3272.08,17.2,0.0,3.0,70.0,53.4,1013.2,0.0,7.0,15.0,4079528.0,4151876.0,8231404.0,39.0,0.0,
2020-10-10,5510.0,63.0,4847.0,118,79.0,,16.9,0.0,2.0,70.0,60.1,1009.7,0.0,9.0,17.0,3911829.0,3978798.0,7890627.0,29.0,0.0,
2020-10-11,5533.0,64.0,4878.0,123,79.0,,16.9,0.0,1.8,50.0,68.5,1006.1,0.0,12.0,21.0,3445405.0,3484874.0,6930279.0,21.0,0.0,
2020-10-12,5564.0,64.0,4894.0,140,46.0,3358.47,16.2,0.0,2.2,250.0,68.6,1005.2,0.0,18.0,34.0,4310678.0,4543113.0,8853791.0,34.0,0.0,2403.73
2020-10-13,5584.0,65.0,4965.0,63,65.0,3359.75,13.6,0.0,2.2,270.0,52.3,1010.7,0.0,10.0,26.0,4401987.0,4625161.0,9027148.0,18.0,0.0,2403.15
2020-10-14,5607.0,66.0,5050.0,102,43.0,3340.78,12.8,0.0,2.4,290.0,47.0,1014.6,0.0,13.0,32.0,4537011.0,4758045.0,9295056.0,28.0,0.0,2380.48
2020-10-15,5632.0,66.0,5055.0,106,34.0,3332.18,11.7,0.0,1.5,50.0,41.8,1015.8,0.0,12.0,32.0,4598650.0,4815789.0,9414439.0,11.0,0.0,2361.21
2020-10-16,5650.0,67.0,5091.0,83,51.0,3336.36,11.8,0.0,1.5,50.0,64.3,1013.7,0.0,17.0,36.0,4691149.0,4926254.0,9617403.0,36.0,0.0,2341.53
2020-10-17,5668.0,68.0,5119.0,95,54.0,,13.1,0.0,1.8,270.0,64.3,1013.0,0.0,18.0,30.0,4461322.0,4696211.0,9157533.0,20.0,0.0,
2020-10-18,5688.0,69.0,5132.0,71,59.0,,13.6,0.0,2.0,20.0,65.5,1013.6,0.0,16.0,28.0,3879730.0,3970320.0,7850050.0,30.0,0.0,
2020-10-19,5702.0,69.0,5161.0,116,72.0,3312.67,15.1,0.0,1.7,20.0,74.4,1014.7,0.0,31.0,54.0,4445345.0,4682023.0,9127368.0,17.0,0.0,2346.74
2020-10-20,5713.0,69.0,5217.0,128,76.0,3328.1,15.2,0.0,1.6,20.0,67.1,1015.4,0.0,38.0,62.0,4602424.0,4817510.0,9419934.0,34.0,0.0,2358.41
2020-10-21,5730.0,71.0,5268.0,149,117.0,3325.02,14.1,0.0,1.9,50.0,69.4,1008.6,0.0,25.0,43.0,4594502.0,4802856.0,9397358.0,16.0,0.0,2370.86
2020-10-22,5748.0,74.0,5283.0,132,105.0,3312.5,13.5,0.0,2.8,50.0,66.0,1003.5,0.0,30.0,63.0,4618706.0,4825112.0,9443818.0,22.0,0.0,2355.05
2020-10-23,5768.0,74.0,5304.0,83,52.0,3278.0,8.6,0.0,3.0,270.0,51.5,1004.9,0.0,9.0,25.0,4692848.0,4940239.0,9633087.0,29.0,0.0,2360.81
2020-10-24,5790.0,74.0,5350.0,54,54.0,,8.7,0.0,2.5,270.0,47.6,1008.7,0.0,10.0,25.0,4503569.0,4729889.0,9233458.0,33.0,0.0,
2020-10-25,5807.0,74.0,5350.0,63,67.0,,11.8,0.0,1.7,20.0,62.5,1009.9,0.0,15.0,29.0,3903108.0,4062970.0,7966078.0,19.0,0.0,
2020-10-26,5827.0,74.0,5368.0,106,92.0,3251.12,12.9,0.0,1.6,20.0,71.6,1009.8,0.0,28.0,50.0,4423630.0,4717361.0,9140991.0,26.0,0.0,2343.91
2020-10-27,5851.0,76.0,5394.0,144,98.0,3254.32,14.0,0.0,1.8,270.0,74.1,1010.9,0.0,47.0,74.0,4530392.0,4774614.0,9305006.0,24.0,0.0,2330.84
2020-10-28,5876.0,77.0,5434.0,126,69.0,3269.24,13.8,0.0,2.5,270.0,52.1,1012.6,0.0,27.0,49.0,4588788.0,4836718.0,9425506.0,42.0,0.0,2345.26
2020-10-29,5912.0,78.0,5462.0,88,92.0,3272.73,10.8,0.0,2.0,270.0,40.3,1013.7,0.0,15.0,37.0,4623029.0,4886518.0,9509547.0,24.0,0.0,2326.67
2020-10-30,5960.0,78.0,5475.0,127,93.0,3224.53,11.9,0.0,1.5,50.0,42.9,1015.2,0.0,19.0,43.0,4695985.0,4958248.0,9654233.0,25.0,0.0,2267.15
2020-10-31,6011.0,78.0,5495.0,152,77.0,,13.6,0.0,2.6,200.0,60.3,1013.9,0.0,14.0,28.0,4523453.0,4787495.0,9310948.0,33.0,0.0,
